129760,劝耕·郡如斗大亦何堪
402959,金缕曲 李释堪寄示与许守白用稼轩韵唱酬词来，继赋
66578,宫词·蛾眉二八绝堪怜
116829,晁应之·衰鬓不堪洗
288587,秋柳韵·纤纤弱质最堪怜
130236,赠写照吴生·几人堪画麒麟阁
119869,次韵张丞·邦人邑吏总堪怜
1209035,江叔志司业堪老园（四首） 其四
455319,清平乐 岁杪得倚云女史绘赠《小梅窗填词图》更蒙蛰堪兄首倡《清平乐》诸吟侣迭相和赠铭感于怀赋此一并拜谢
828337,重九邀韬庵太傅定园少保苏堪愔仲子申君任及强志弟集苍虬阁
284708,相见欢·昼长正自堪眠
192875,醉余再赋·堪叹诗翁酒兴豪
1095637,唐人刘长卿送彻上人归越云禅客无心杖锡还沃洲深处草堂闲身随弊履经残雪手绽寒衣入旧山独向青山依树下空留明月在人间那堪别后长相忆云水苍苍但闲关洪义二上人请次韵归山阴
80429,贫舍写兴·深山木食犹堪饱
460490,蝶恋花　四月廿七醉兼病不堪，卧肖处作三首 其三
451851,水调歌头 癸巳二月望与诸子泛舟玉湖蛰堪兄约填此调
875298,余为建阳令遣小吏王堪为西山翁之役翁留之仙游山房招鹤亭之上令抄道书久之若有所悟弃家不归后六七年访余田间敝裘跣足真为道人矣自言欲谒翁于桐城作五诗送之 其四
779481,玉交枝 上元屏山生日，过堪喜斋，滇生大司马属咏白牡丹
269273,江城梅花引·蔡巽堪师梅花草堂填词图
381434,过横州·名缰利锁信堪哀
604311,炳儿移家从其妇翁雍南署中举孙堪而归得报志喜
98989,过岭寄子由·七年来往我何堪
305471,落叶·长年何事不堪悲
746800,壬戌五月初三夜忽中风痹之疾香山所谓体瘝目眩左足不支与有同病焉昔苻坚得习凿齿于汉南因其蹇疾裁堪半丁香山诗云汉上羸残号半人是也余年已七十可以称翁因自号半翁纪之以诗 其二
278035,醉中·不堪更进合欢杯
278837,厂布·华澄厂织布堪嘉
129152,病中·折铛破釜底堪修
430147,赠复堪
293329,辛酉端阳·那堪双鬓如霜白
752970,随山馆重晤节堪
218956,辛巳大歉·村村无米岁何堪
301119,赠杨明府·飘泊何堪寄一廛
46049,唐多令·秋叶总堪伤
383598,蛇·弥觉形堪畏
129125,除夕·当年意卸亦堪悲
375581,酬方司法·五字堪呈佛
200991,江行·碧草已堪翦
364030,阻风·愁思横江不易堪
304503,堪叹·沉沉一绿罨窗纱
214409,卧疴·六尘缘影政堪嗟
263365,寄近作咏·堪叹关河战血红
78385,有感·书生事业绝堪悲
446115,买陂塘 十馀年前居山中，香江李国明兄曾为我绘《冷翠轩擪笛填词图》，藏未面世。近读蛰堪新河诸家题图之作，因成一阕乞正
559240,乙卯贱辰买舟抵北溪课耕时儿孙及叶印峰堪舆蔡同州楷书行而西席黄悟一亦尾舟后至呼卢剧饮颇属胜游为赋近体四首 其二
125427,不堪诗·六不堪
125427,不堪诗·六不堪
770515,花朝同陈韬老郑苏堪林畏庐赵尧生陈石遗胡漱唐林山腴梁众异冒鹤汀温毅夫罗掞东潘若海诣花之寺
16384,悲新年·新年何事最堪悲
825895,吴仲珺求题王忍堪书册
337538,避兵遣怀·野宿宁堪度
1240494,八月廿三日芙蓉花下留南宫岳山人饮明日岳山人过玉山南宫老矣不知复几聚首观花听琴情不能堪因赋长句并简玉山
124648,戏答天休·老书堆几宁堪读
828145,苏堪六十生日 其六
285345,杨柳枝·烟眉露眼最堪怜
446117,洞仙歌二章 其一 蛰堪兄命题《半梦庐填词图》
128006,题扇·残春已云不堪招
781063,忆癸酉春夏与奉峨兄读书于城南之保安寺甚自得也时有秦先生者山东快士喜堪舆精占卜聚谈者屡遂订交焉今日各有所就而风流云散如此追感不胜惘惘因赋绝句九首呈奉峨兄 其三
352308,家园·堪笑吾家五亩园
325480,杂咏·卫州往事剧堪哀
76121,秋夕书事·垂老虽堪叹
204355,感诗·雪晴山院景堪跻
446803,玉楼春    寄蛰堪
819869,次韵苏堪谢遗泉水之作
1091394,雨自四月至七月暑热不能堪作此寄德裕安民二首 其二
124264,赋五题·二月雨堪爱
319737,赠别云·乍见真堪乐
410685,复堪娟净唱和念及鄙人次韵奉酬
170724,齐人妻妾·箪瓢门柝不堪贫
202749,杂咏·地多种竹堪容鹤
367719,送雪溪·团扇应堪障夕晖
108855,抛球曲·堪恨隋家几帝王
70156,西江月·堪叹青霄碧汉
69999,黄莺儿·堪嗟浮世如何度
335797,雨自四月至七月暑热不能堪作此寄德裕安民
451831,鹧鸪天 元玉奉和蛰堪兄半梦填词图
159261,得天经书问·久卧堪忧巷
253910,侍酒·赁舂皋庑尚堪斟
275535,菩萨蛮·生儿是处皆堪托
258012,九日·不堪马上逢佳节
752636,寄郑苏堪 其二
159110,秋湖上晚景·曲槛堪何倚
86061,病起·有四宜休七不堪
289355,杜鹃·念家山破剧堪怜
143914,暮春·堪嗟分手日
452652,船舶大厦见乔木而盆栽尝得句飘摇人堪恨供赏只自疑今于汤臣中心复见之因补足其意
188245,贺新郎·是雨还堪拾
385564,趁市·鼓刀击筑更谁堪
829472,苏堪上海所居园中有栝四株李拔可所赠也既来长春故居斥卖栝还旧主今苏堪逝世栝亦枯矣拔可乃作还栝图徵题
829472,苏堪上海所居园中有栝四株李拔可所赠也既来长春故居斥卖栝还旧主今苏堪逝世栝亦枯矣拔可乃作还栝图徵题
252345,雨中花·癸已春半蛰堪兄南游小聚海幢寺以玉田＂记玉关踏雪事清游＂句分韵得事
158742,磨镜·蠹蚀宁堪久
781065,忆癸酉春夏与奉峨兄读书于城南之保安寺甚自得也时有秦先生者山东快士喜堪舆精占卜聚谈者屡遂订交焉今日各有所就而风流云散如此追感不胜惘惘因赋绝句九首呈奉峨兄 其五
64675,春晚·春望亦堪怜
1108906,余为建阳令遣小吏王堪为西山翁之役翁留之仙游山房招鹤亭之上令抄道书久之若有所悟弃家不归后六七年访余田间敝裘跣足真为道人矣自言欲谒翁于桐城作五诗送之
340681,芍药者·可堪春恨似悲秋
336338,黄巢战场·腐儒阶乱亦堪伤
203397,勉冯著明·主忧臣辱已难堪
87118,四绝·才薄何堪草两麻
829442,苏堪生日六十寿言十首
323432,安静堂·前贤治迹尚堪寻
98991,过岭寄子由·山林瘴雾老难堪
104272,寒溪草·青青色堪染
289204,张家口·到此真堪遂壮游
111846,野色·幽事每堪娱
281683,戏作燕台·冬菜真堪淡煮羹
611941,城中小筑新成夏月馀凉堪贾虽仅容膝亦颇远俗漫裁十律以畅幽襟 其四
352796,棕亭·剥棕堪覆宇
299963,春柳·纤纤弱质最堪怜
350838,忆秦娥·堪讶
367638,姑苏台·当年忠死亦堪冤
81563,书意·病眼犹堪阅世人
54444,砚·形模粗野已堪羞
95294,近乏笔托二张求之于市殊不堪也作长句以资一
270778,读杜工部集·自许诗堪老
72929,一枝春·堪嗟肉傀儡
294735,述怀·大局何堪复忖量
44450,晚钟·堪笑维摩诘
264672,女起解·苏三起解剧堪怜
307737,居陋·漫道衙斋陋不堪
295119,扬州怀古·堪笑隋家令甲严
111346,分水岭诗·勉强驱驰力不堪
443738,齐天乐 次韵和蛰堪
129369,西江月·茅屋何堪翠袖
35736,水殿抛球曲·堪恨隋家几帝王
12266,送卢堪·羁贫不易去
129702,堪笑·堪笑平原血溅衣
129702,堪笑·堪笑平原血溅衣
893119,七不堪诗七首 其七
47111,郊墅杂赋·此乡堪避地
341931,舣斋·随波堪泛宅
156156,玉扑花·花开压迳枝堪挽
92828,闷歌行·山行旧路不堪重
246023,船舶大厦见乔木而盆栽尝得句飘摇人堪恨供赏只自疑今于汤臣中心复见之因补足其意
85075,往事·往事何堪说
83636,闭户·箪瓢虚道不堪忧
135636,庚申·襄阳耆旧总堪羞
100337,醉眠亭·孝先风味也堪怜
138124,题荐严院·那堪多难百忧攻
828564,苏堪上海所居园中有栝四株李拔可所赠也既来长春故居斥卖栝还旧主今苏堪逝世栝亦枯矣拔可乃作还栝图徵题 其二
828564,苏堪上海所居园中有栝四株李拔可所赠也既来长春故居斥卖栝还旧主今苏堪逝世栝亦枯矣拔可乃作还栝图徵题 其二
225375,王昭君·画工虽巧岂堪凭
76634,秋兴·暮境何堪与病遭
169512,登寺山·晴山堪著眼
129589,记客语·蒲萄斗酒自堪醉
38903,七言·浮名浮利两何堪
819975,堪叹
905412,节假之中风气又作仅将伏枕固难登门更献五章代伸一谒疲兵再战已取败于空弮下客请行尚费词于露颖徒堪大噱岂足遍酬虽投刃皆虚冈睹全牛之状然援毫而就亦劳倚马之才但冀览之斯为幸矣 其二
820929,浣溪沙 其二 和释堪感事，即效其体
607412,堪舆寄隐卷为麦茂才作四首 其一
264879,题北村·不堪烦暑病荒城
290332,如梦令·堪叹江干柳树
223855,贺若弼·乃翁永诀语堪悲
177369,红树·秋来嘉树色堪攀
255820,虏中作·不堪垂老尚蹉跎
207986,忆汉月·千缕万条堪结
297294,杂兴·案头书卷堪为友
214843,山居诗·万般惟道最堪依
887617,绛都春 其六 余往来清华池馆六年，赋咏屡矣，感昔伤今，益不堪怀，乃复作此解
117711,醉眠亭诗·才堪簿领更无余
956567,没冰铺晚晴月出晓复大雨上漏下湿不堪其忧
617135,赠别堪舆刘纶甫
169324,秋日·老觉此身无一堪
178237,蔓菁花诗·游丝百尺如堪挽
124879,读史·昔事堪追咎
789494,题郑苏堪海藏楼诗集
100247,忆江南寄纯如·湖目也堪供眼
815460,壬戌五月初三夜忽中风痹之疾香山所谓体瘝目眩左足不支与有同病焉昔苻坚得习凿齿于汉南因其蹇疾裁堪半丁香山诗云汉上羸残号半人是也余年已七十可以称翁因自号半翁纪之以诗
752227,澹堪杂诗 其二
71651,西江月·堪叹光阴迅速
330173,学书十绝·不堪细字眼犹花
250352,乙酉正月晦窗蛰堪二兄各以互寿诗见示乃集东坡诗以寄
388793,避乱感怀·不堪思往事
248496,无题·百年卜祀已堪忧
57279,九日·客逢佳节每堪嗟
607414,堪舆寄隐卷为麦茂才作四首 其三
611944,城中小筑新成夏月馀凉堪贾虽仅容膝亦颇远俗漫裁十律以畅幽襟 其七
214484,此悟·遑遑偶偶亦堪悲
24628,悼古·细推今古事堪愁
188260,水调歌头·堪笑廛中客
905480,节假之中风气又作仅将伏枕固难登门更献五章代伸一谒疲兵再战已取败于空弮下客请行尚费词于露颖徒堪大噱岂足遍酬虽投刃皆虚冈睹全牛之状然援毫而就亦劳倚马之才但冀览之斯为幸矣 其三
419139,清平乐 题介堪翁结婚纪念册，王夫人即世数载矣。此玉田慰陆壶天悼亡调也
87008,聪老·聪老才堪将
219178,赠李君玉·老大何堪客
288758,杨柳枝·摇落深知百不堪
1100144,一字买堪贫
282026,绝句·风敲竹韵不堪听
232076,秋怀·饥来讵堪忍
304542,重九之会自苏堪逝后风流歇绝矣兹来适值九日乃约苕雪小饮以诗纪之
347582,忤俗·忤俗真堪笑
371676,酒尽·连宵风月颇堪看
916308,福州古田宰李堪
182098,鼓子花·鼓子花堪爱
290043,浣溪沙·和释堪感事，即效其体
204385,陈宫·龙盘龙踞景堪寻
268917,慨时·无才堪报国
307702,题画·此处堪栖隐
174133,寄冯当可·合散真堪笑
296765,春草·不堪急景掷飞梭
443739,齐天乐 感怀次蛰堪韵兼呈小薇师
262945,迎春曲·萧疏霜鬓不堪簪
203273,洛阳诗帖·洛阳风景实堪珍
150582,山间晓望·老来活计不堪闻
921106,予以事系御史台狱，狱吏稍见侵，自度不能堪，死狱中，不得一别子由，故作二诗授狱卒梁成，以遗子由，二首 其一
34055,谢举·叛奴逃数岂堪留
129700,堪笑·堪笑刘安若学仙
129700,堪笑·堪笑刘安若学仙
308299,荒年·荒年无食不堪听
828140,苏堪六十生日 其一
244248,瑞鹤仙·是花堪爱惜
258096,过省冤谷·婴儿偃蹇正堪孩
294080,玉楼春·王蛰堪以津门雅集分韵词见示，赋此奉酬，兼呈寇梦碧先生
452009,乙酉正月晦窗蛰堪二兄各以互寿诗见示乃集东坡诗以寄
32832,放榜日·吾唐取士最堪夸
828288,为苏堪作夜起图即祝其七十初度
962487,送王中父制干东归探韵得限字分韵用离别不堪无限意艰危深仗济时才
958424,邻翁以紫石斛承粗石一块为予书室之奉斛盖端溪之不堪为砚者然较以所载山石则胜矣予是以有白鹿苍璧之句白鹿苍璧事见西汉书若乃忘真假遗美恶则予不知此石之与真山果同异哉
301515,咏水仙·纷纷红紫总堪夸
69859,西江月·堪叹一灵真性
367509,至都门·不堪今夕会
332592,望江南·犹堪忆
304585,苏堪手写和乙庵师诗
390074,即事有感·龙湾北岸骨堪栖
151138,青奴·正堪休手足
752232,澹堪杂诗 其七
37078,牡丹·三春堪惜牡丹奇
163116,婆罗门引·不堪鶗鴂
91599,道中纪行·可堪衰病两相缠
311807,秋柳·飘零堤上太堪怜
48908,春日山西寄王允原知司·一茎白发已堪嗟
258088,即事·不堪华发半头生
162293,葵石图·中央正色殊堪重
70184,临江仙·堪叹琴棋书画
275364,题郑苏堪海藏楼诗集
124263,赋五题·二月水堪爱
76085,杂赋·终日才堪米一升
430021,除夕挽忍堪
193815,九华菊·功成凡鼎花堪比
978313,吾族盘石将挟堪舆家出游索诗送行
402452,寄堪智二内弟
1099934,昨晚溪缘之论闻善友颇不能堪戏成八句
444068,曲江秋 雨中游曲江次蛰堪韵
114269,章道·畏人重禄难堪忍
642023,堪笑二首 其一
205964,采桑子·宜春苑外楼堪倚
262305,彩依·春花那堪几度霜
1059072,送杜堪才以江汉故人少为韵 其一
328441,孤雁·饮啄堪怜久弗齐
446120,鹧鸪天 读蛰堪兄“云外归鸿识故庐”句，触我乡情，再步前韵
39066,又诗·云中幸有堪归路
440426,退之先生招饮座皆酒豪余力不能堪然亦尽欢而罢归途乘醉戏作一首奉题如醒堂兼呈李昂兄
305558,拔可以重刻蜕庵集见贻因题寄希白复堪
318452,浣溪沙·幽径真堪殿六朝
198314,新蝉·病耳不堪听
163286,宿驿·他乡异县老何堪
197858,实相圆常·青青叶底未堪尝
59369,白云观·一丘堪枕白云边
559239,乙卯贱辰买舟抵北溪课耕时儿孙及叶印峰堪舆蔡同州楷书行而西席黄悟一亦尾舟后至呼卢剧饮颇属胜游为赋近体四首 其一
264560,偶得·聋虫待教愚堪哂
573589,天下佳山水人可其往者止堪游目未可栖真惟白云洞为先陇所有无车马喧独寐寤言厥惟斯所为纪一绝
685571,宿乳源均丰馆在五岭最高处冱寒特甚春有积雪人呼为小北京顶平敞四匝烟村然贫苦不堪言矣二首
752230,澹堪杂诗 其五
5023,望九华赠青阳韦仲堪
1168268,早秋赠裴十七仲堪
262313,蝶舞春园·春花哪堪几度霜
125429,不堪诗·四不堪
125429,不堪诗·四不堪
73635,阳春曲·柳色青堪把
342368,秋柳·三眠三起总堪怜
125428,不堪诗·五不堪
125428,不堪诗·五不堪
163095,贺新郎·老大犹堪说
187812,云边遣兴·穴处堪忘世
38348,怀巴陵·垂白堪思大乱前
990737,寄渭州刘太保求市堪乘稳駃马
338168,悼亡·栗主重携怀袖堪
452059,丙戌夏日与京城诗友设宴迎接蛰堪东遨燕婷来京步是务斋主韵
292913,秋燕六章·可堪重恋汉宫春
145834,书怀·空山岁晚足堪娱
453931,新春赣南诗协招饮分韵得堪字
37836,放鹭鸶·洁白虽堪爱
462349,题介堪夫子白描水仙图二首 其一
77772,深居·作吏难堪簿领迷
417932,吴柏森邀宴，同座有熊盛元、王蛰堪、李茂林、陈春生、筵上口占
781066,忆癸酉春夏与奉峨兄读书于城南之保安寺甚自得也时有秦先生者山东快士喜堪舆精占卜聚谈者屡遂订交焉今日各有所就而风流云散如此追感不胜惘惘因赋绝句九首呈奉峨兄 其六
60648,拟古巡幸词·西山西望转堪愁
1059073,送杜堪才以江汉故人少为韵 其二
230711,庭竹·挺秀诚堪贵
359098,观雪·脂肤堪奖与
93253,山居十咏·漫浪真堪老
89779,草堂诗·式也堪其选
276679,游仙吟·缠绵到此不堪论
34032,惠帝·蛙鸣堪笑问官私
349179,与杨如愚·谷风凄怨不堪歌
321292,仪真·贩来北枣堪充膳
79688,对酒·老子不堪尘世劳
381424,新馆·三载江湖百不堪
460489,蝶恋花　四月廿七醉兼病不堪，卧肖处作三首 其二
106853,次韵志归·楸局堪谁对
220107,池上·谁堪秋热与春寒
460488,蝶恋花　四月廿七醉兼病不堪，卧肖处作三首 其一
74776,行香子·松嫩堪餐
309277,金缕曲·李释堪寄示与许守白用稼轩韵唱酬词来
339623,昨晚溪缘之论闻善友颇不能堪戏成八句
829376,苏堪作东坡生日会饮
89121,夏旱·沟堪揭厉难车水
314696,忆梁节庵·传闻梁父不堪吟
261495,除夜·殊方节物老堪惊
60386,赠友·缶粟犹堪煮
292123,纪事诗·重重梦影不堪温
265508,悼翠姬·堪叹弥留近百朝
466456,蝶恋花　四月廿七醉兼病不堪，卧肖处作三首
100267,予以事系御史台狱狱吏稍见侵自度不能堪
226983,上夹谷书·堪舆渺与极
275121,寄怀郑苏堪·伫苦停辛自不胜
611939,城中小筑新成夏月馀凉堪贾虽仅容膝亦颇远俗漫裁十律以畅幽襟 其二
1059076,送杜堪才以江汉故人少为韵 其五
1106632,和郑元清同游殷仲堪读书台二首
153756,次韵·步蹇堪扶杖
695594,乙卯贱辰买舟抵北溪课耕时儿孙及叶印峰堪舆蔡同州楷书行而西席黄悟一亦尾舟后至呼卢剧饮颇属胜游为赋近体四首
120767,再次韵·门第应疑堪不庭
14310,稻畦·罫布畦堪数
161688,定风波·少日犹堪话别离
316877,望江南·堪忆处
292661,朝中措·那堪拍膝叹蹉跎
61566,静坐·老来堪静坐
88983,蜀捷·吠南初谓予堪侮
196967,九日求米·绝粮缺酒两堪悲
69850,西江月·堪叹水流一道
32076,伤病马·此马堪怜力壮时
875299,余为建阳令遣小吏王堪为西山翁之役翁留之仙游山房招鹤亭之上令抄道书久之若有所悟弃家不归后六七年访余田间敝裘跣足真为道人矣自言欲谒翁于桐城作五诗送之 其三
44609,玉楼春·西园花落深堪扫
1116550,予以事系御史台狱，狱吏稍见侵，自度不能堪，死狱中，不得一别子由，故作二诗授狱卒梁成，以遗子由，二首
150232,咋舌·咋舌何堪妾一鸣
828484,与苏堪苕雪治芗夜饮各成三首 其三
155404,窆石·禹陵踪迹颇堪疑
1113941,节假之中风气又作仅将伏枕固难登门更献五章代伸一谒疲兵再战已取败于空弮下客请行尚费词于露颖徒堪大噱岂足遍酬虽投刃皆虚冈睹全牛之状然援毫而就亦劳倚马之才但冀览之斯为幸矣
315191,临江仙·晚获新人堪托命
106681,次韵寄题堪上人云外轩
94151,碧芦淙·春笋肥堪菜
1209033,江叔志司业堪老园（四首） 其二
122464,雨中集水月·献之今年不堪暑
64517,醉赋诗·病中雅量岂堪论
68056,万年春·堪叹人人
443409,翠楼吟　丙子新秋与蛰堪、梦芙、成纲、引之诸君聚于柏森诗丈双枣书屋，相约同赋此调
186036,逍遥咏·流砂一味细堪观
304359,重九邀韬庵太傅定园少保苏堪愔仲子申君任及强志弟集苍虬阁
781068,忆癸酉春夏与奉峨兄读书于城南之保安寺甚自得也时有秦先生者山东快士喜堪舆精占卜聚谈者屡遂订交焉今日各有所就而风流云散如此追感不胜惘惘因赋绝句九首呈奉峨兄 其八
408017,中秋别侠堪
285181,木兰花令·人间风月堪留恋
446119,鹧鸪天 蛰堪兄自题《半梦填词图》，意殊萧瑟，次韵寄慰
325994,道中偶作·独当家责性难堪
306738,寄堪智二内弟
803384,阅兴济减水闸议改为坝，命侍郎郎裘曰修至其地与总督杨廷璋、藩司周元理会堪集议，诗以示意
188873,醉眠亭·江花可醉草堪眠
229971,送王中父制干东归探韵得限字分韵用离别不堪
224461,江城子·闻君见影已堪怜
98634,题堪隐·考槃何必涧之阿
686147,堪舆寄隐卷为麦茂才作四首
332266,壬戌重九·得气何堪亦太迟
390012,天柱峰·生平漆室意堪怜
99922,书破琴诗後·此身何物不堪为
359942,花月亭·多花少月何堪爱
115145,不堪不敢·青州从事难再得
29437,彭泽·英杰那堪屈下僚
781069,忆癸酉春夏与奉峨兄读书于城南之保安寺甚自得也时有秦先生者山东快士喜堪舆精占卜聚谈者屡遂订交焉今日各有所就而风流云散如此追感不胜惘惘因赋绝句九首呈奉峨兄 其九
869473,花庵多牵牛清晨始开日出已瘁花虽甚美而不堪留赏
73775,碧玉箫·秋景堪题
752234,澹堪杂诗 其九
19179,何处堪避暑
612115,宿乳源均丰馆在五岭最高处冱寒特甚春有积雪人呼为小北京顶平敞四匝烟村然贫苦不堪言矣二首 其一
294140,鹧鸪天·一九九五年九月自堪萨斯移居路易安纳州，临行口占小令，辞别堪庐绿圃花木禽虫
294140,鹧鸪天·一九九五年九月自堪萨斯移居路易安纳州，临行口占小令，辞别堪庐绿圃花木禽虫
304055,苏堪作东坡生日会饮
828696,重九之会自苏堪逝后风流歇绝矣兹来适值九日乃约苕雪小饮以诗纪之
84143,出县·匆匆簿领不堪论
199996,用韵复次·筋力何堪道路遥
107924,城东别墅·不堪一月雨
250286,七律寄远·相逢萍水亦堪盟
38944,七言·堪笑时人问我家
61562,秋夜·园亭堪避暑
236878,梅花百咏·香奁陋体实堪哀
69856,西江月·堪叹日时更改
235243,临江仙·堪笑一场颠倒梦
124186,冬日野外·霜郊堪极目
828482,与苏堪苕雪治芗夜饮各成三首 其一
164647,和周·堪怜墳上舟难
297986,抒愤·一吟未破差堪续
828794,苏堪生日六十寿言十首 其二
69951,卜算子·堪叹世间人
1106604,和赵叔清登殷仲堪读书台二首
287668,题画竹·笔秃何堪画牡丹
314579,谒中山陵·公仆堪称万世师
304054,闻苏堪作东坡生日戏赠一诗
875297,余为建阳令遣小吏王堪为西山翁之役翁留之仙游山房招鹤亭之上令抄道书久之若有所悟弃家不归后六七年访余田间敝裘跣足真为道人矣自言欲谒翁于桐城作五诗送之 其五
410686,再次前韵呈复堪娟净
344391,秋柳·江南江北尽堪悲
287263,一寸金·题罗复堪三山簃校碑图
1134899,次韵寄题堪上人云外轩
1075713,数日秋暑不复可堪马上作此
129697,堪笑·堪笑山阳汉鼎移
129697,堪笑·堪笑山阳汉鼎移
94484,故事·是雨还堪拾
208312,解嘲十绝·或堪时序苦侵寻
752226,澹堪杂诗 其一
289334,东游杂诗·念家山破剧堪哀
72365,谢师恩·福山仁寿堪予羡
212723,别城中亲友·不堪离乱后
224138,和叶宰·暂时行李已堪忧
70668,沁园春·堪叹浮生
53467,秋兴·高楼一上思堪哀
226540,思归乐·天幕清和堪宴聚
458307,肖健出送，自三中过肖母许，再往一工区，予不能堪，强止之于云溪桥头
241833,望秦川歌·雨声鸣栈不堪听
70155,西江月·堪叹笔砚纸墨
840667,吉林成淡堪龙沙感事诗遗墨乃易箦前所作其子属题二首 其二
154533,夜学·已叨名第虽堪放
382768,赐问裁答·海岳终堪隐
369318,夏日·夏日诚堪畏
612116,宿乳源均丰馆在五岭最高处冱寒特甚春有积雪人呼为小北京顶平敞四匝烟村然贫苦不堪言矣二首 其二
6370,送郑堪归东京汜水别业
467427,题介堪夫子白描水仙图二首
287484,清平乐·题介堪翁结婚纪念册，王夫人即世数载矣
72874,良宵·良宵情绪不堪题
879622,紫溪庄舍读癸丑壁间旧题转眼忽十八年同游十不存一滋兰弟亦作古人拂拭洒涕几不能去因诵欧公诗云人昔共游今有几树犹如此我何堪以是为韵感怀成十四章庚午四月中浣
305530,赠复堪·三十年前同舍生
304225,苏堪生日六十寿言
789300,寄怀郑苏堪
332864,问讯之作·秋霜入鬓已堪怜
296420,乡居晓晴·病枕堪秋雨
752235,澹堪杂诗 其十
329157,即事·客况多堪笑
304134,苏堪六十生日
277718,供菊·弹琴酌酒喜堪俦
122410,橙纲·尧舜方堪橘柚包
305392,赠周雨渔·丹青不艺世堪羞
462350,题介堪夫子白描水仙图二首 其二
263418,感旧·割肉犹堪遗细君
893123,七不堪诗七首 其三
293255,壬戌人日集成君澹堪寓斋即用其哈尔滨寄都吟侣韵
169972,偶题·三麾一节已难堪
428524,恭读夫子《榆林事记》，见其品节详明，德性坚定，儒者立身之道，可谓至矣。吾辈后学，洵堪奉为法守，故再步原韵，藉表景仰私悃
79560,自咏·纷纷世态但堪悲
466491,洞仙歌二章 蛰堪兄命题《半梦庐填词图》
251291,迎春花·傍篱开处最堪怜
844710,吉林成淡堪龙沙感事诗遗墨乃易箦前所作其子属题二首
209867,春事·春事岂堪论
76484,蓬户·蓬户真堪设爵罗
446118,洞仙歌二章 其二 蛰堪兄命题《半梦庐填词图》
607413,堪舆寄隐卷为麦茂才作四首 其二
70154,西江月·堪叹酒色财气
343486,再和·佳和殊堪渴想劳
193605,喜雪韵·只堪闭户著潜虚
661855,兰州以山名北枕黄河城之西有唐帽山尤秀特彭司马幸庵先茔在焉地灵人杰堪舆家之说岂尽诬邪
70080,西江月·堪叹风花雪月
1112236,七不堪诗七首
236344,寄耿时举·方兄於我一无堪
308556,玉楼春·阑干面面堪垂手
225794,秋兴·彤管少文堪约史
559238,乙卯贱辰买舟抵北溪课耕时儿孙及叶印峰堪舆蔡同州楷书同行而西席黄悟一亦尾舟后至呼卢剧饮颇属胜游为赋近体四首 其一
170158,感时·和戎之计最堪嗟
1047914,唐卿既篆欧公侍郎滁州琅邪山醉翁亭记上石讫思莫能致之滁上因斧官之隙地众材堪栋梁者枝其榱桷构堂于廨舍西偏高三仞植记于中楹若屏然图悠久也因成长句五十六字以诗其名兼寄献欧公侍郎
24162,思归·固有楼堪倚
84250,村居书事·书收鼠啮犹堪读
604250,堪孙追和苏子瞻白水砌古诗来呈似有可教第籯经未穷鞶帨是饰得无与先生并行耶故亦赋而勉之并示台孙
301491,昭君怨·堪惜惊鸿绰约容
98722,晚卧·轩小才堪置竹床
284089,十绝句·岩头雨过云堪掬
78687,紫溪驿·它乡异县老何堪
789293,寄题郑苏堪江上盟鸥榭
1120484,雨自四月至七月暑热不能堪作此寄德裕安民二首
88634,孙伯符·霸略谁堪敌伯符
286823,敬呈绝句·菊瘦堪供陶令爱
13182,答陆澧·松叶堪为酒
89885,甫韵·是处皆堪结草庵
304469,苏堪约游净月潭
70170,小重山·堪叹犊儿不唤牛
220779,新定感兴·风物皆堪喜
312169,女冠子·风光堪爱
146295,纪事·枭獍何堪共劝酬
274906,明皇·梨园往事已堪怜
404636,玉楼春·王蛰堪以津门雅集分韵词见示，赋此奉酬，兼呈寇梦碧先生
62256,秋江送别·江柳不堪折
454807,读蛰堪兄诗词有赠
170643,有庳·弟兄小忍与堪怜
154099,秋感·朱槿不堪留
252561,讨海·何堪乡里小人呼
603747,送堪舆周剑川
155914,东归见梅·老大无堪鬓似银
102687,次韵王郁林·晚途流落不堪言
293762,杨枝词·一春愁绪最堪怜
118428,示诸子·老去惟堪一味闲
444254,踏莎行 和蛰堪兄
107969,治圃杂书·远石疑堪取
58041,祗树庵·堪笑经年老蠹鱼
211901,莺啼序·愁人更堪秋日
1072951,和郑元清同游殷仲堪读书台二首 其一
133975,花庵多牵牛清晨始开日出已瘁花虽甚美而不堪
192581,福州古田宰李堪
266085,友惠诗·衔杯金谷诚堪忆
752358,读太白望九华赠青阳韦仲堪诗感赋
82480,新酿熟小饮·篱菊犹堪采落英
381351,题胡琴·负重堪嗟忍辱时
275370,孤雁·洞庭春花已堪把
432125,壬戌人日集成君澹堪寓斋即用其哈尔滨寄都吟侣韵
149926,疏堕·疏堕何堪行役劳
294132,望江南·赠天津王蛰堪
1117585,送杜堪才以江汉故人少为韵
54169,新秋·江城秋色净堪怜
172910,楚元王交·荒芜新语不堪听
378494,春晚·方见柳条堪结纽
1219515,虞学士小像，为其侄孙堪题二首 其二
611947,城中小筑新成夏月馀凉堪贾虽仅容膝亦颇远俗漫裁十律以畅幽襟 其十
205915,清平乐·蕙心堪怨
278415,奎星阁·高阁何堪祀不经
304494,梦与梅泉同哭苏堪醒记以诗即寄梅泉
106052,春晚杂兴·尫羸老马尚堪骑
381397,汇波观稼·人事堪胜天
174766,寄怀子云兄·长年游宦已堪嗟
611943,城中小筑新成夏月馀凉堪贾虽仅容膝亦颇远俗漫裁十律以畅幽襟 其六
360607,望梅花·寒梅堪羡
310232,廖秉钧·仓皇书记孰堪亲
611942,城中小筑新成夏月馀凉堪贾虽仅容膝亦颇远俗漫裁十律以畅幽襟 其五
253508,归云中·客里那堪送客行
752229,澹堪杂诗 其四
8277,绝句漫兴·懒慢无堪不出村
455456,水龙吟 沽上过天后宫访蜇堪
959002,赠育王堪笑翁
63648,秣陵竹枝词·秦淮冬尽不堪观
359989,武昌杂诗·由来作镇末堪都
296601,复堪娟净唱和念及鄙人次韵奉酬
64058,秋夜·秋声溢耳不堪听
191564,因书数语·山园秀色故堪餐
324152,和赵叔清登殷仲堪读书台
35885,方响歌·乐中何乐偏堪赏
211083,古樟·抱合材堪任楝梁
781062,忆癸酉春夏与奉峨兄读书于城南之保安寺甚自得也时有秦先生者山东快士喜堪舆精占卜聚谈者屡遂订交焉今日各有所就而风流云散如此追感不胜惘惘因赋绝句九首呈奉峨兄 其二
695583,乙卯贱辰买舟抵北溪课耕时儿孙及叶印峰堪舆蔡同州楷书同行而西席黄悟一亦尾舟后至呼卢剧饮颇属胜游为赋近体四首
120827,病起·老去难堪痼疾缠
151033,十绝·群彦俱堪议相毡
373660,秋荷·铅华洗尽倍堪怜
153106,白登·白登计秘自堪羞
142036,赠陈·年逾六十我何堪
1235938,江叔志司业堪老园（四首）
404627,望江南·赠天津王蛰堪
305494,除夕挽忍堪
169553,答颜生·烦君临问我何堪
234593,无心·世态真堪笑
1157211,何处堪避暑
185364,不见月·开元以后可堪尤
828480,和苏堪夜饮三首 其二
315428,题画·负重那堪路更赊
247222,倦寻芳·癸未元日立春梅花尚不堪摘也
1091393,雨自四月至七月暑热不能堪作此寄德裕安民二首 其一
418146,怀人诗廿四首 其二十三 蛰堪
145593,堪叹·堪叹是衰年
145593,堪叹·堪叹是衰年
71365,凤栖梧·古迹琳宫堪作计
455321,雨中花 癸已春半蛰堪兄南游小聚海幢寺以玉田＂记玉关踏雪事清游＂句分韵得事
70548,出京·从宦非所堪
149162,会田市·宜城桑落有堪沽
429971,忍堪六十生日
233278,贺新郎·往事何堪说
25338,行路难·何处力堪殚
129699,堪笑·堪笑萧生入受遗
129699,堪笑·堪笑萧生入受遗
28720,长命缕·他乡处处堪悲事
116886,凝祥·奉灵桃李已堪攀
223348,新雁过妆楼·老圃堪嗟
267448,鹧鸪天·简苏堪，时将营寿藏，丐其书碑，碑曰彊村词人之墓
209288,赠育王堪笑翁
206353,得诗韵·尚白宁堪众楚咻
297222,闺怨·临歧絮语不堪论
149554,九日·日日无堪只欢嗟
271827,莫干山夜坐同释堪
281134,考槃轩·涧阿小筑雅堪称
814297,寄郑苏堪
746801,壬戌五月初三夜忽中风痹之疾香山所谓体瘝目眩左足不支与有同病焉昔苻坚得习凿齿于汉南因其蹇疾裁堪半丁香山诗云汉上羸残号半人是也余年已七十可以称翁因自号半翁纪之以诗 其三
149940,岁暮六言·腊尾岂堪北去
75316,水调歌头·树老堪移接
875296,余为建阳令遣小吏王堪为西山翁之役翁留之仙游山房招鹤亭之上令抄道书久之若有所悟弃家不归后六七年访余田间敝裘跣足真为道人矣自言欲谒翁于桐城作五诗送之 其二
144703,天台野兴·短策堪扶老
226233,赠堪舆家杨生
227520,挽词·薤歌才唱已堪嗟
337630,喜赋·长年冷淡似难堪
186185,逍遥咏·何处堪依仗
292734,蜀鹃诗稿·君生堪说无忧者
348121,寄陈显仁·自怜破甑已无堪
241369,两头松·须无尾短最堪伤
828520,苏堪约游净月潭
248820,西域咏史·婕妤堪拟汉家班
317703,贺新凉·往事何堪数
295570,眼中·本无毛羽堪矜惜
336394,挽吴承务·道义真堪贵
275171,寄题郑苏堪江上盟鸥榭
87037,绝句韵·公等真堪起太平
828346,五月十三日同韬庵年丈苏堪愔仲酒集
748295,六月二十八日大雪冯君树堂周君荇农郭君筠仙方以试事困于场屋念此殆非所堪诗以调之
202549,醉时歌·茫茫古堪舆
586718,重过钓台声华不堪玩，过目成臭腐。桐庐江上丝，清风振千古。又五言律一首，见二十七卷送陆少参癸未浙中
828143,苏堪六十生日 其四
75348,酹江月·世途艰阻正堪悲
318377,虞美人·湘帘春闭重堪恋
120949,再次还鹤韵·人家往往琴堪劈
145324,时当末伏暑气愈隆老者殊不能堪而旧业荒残清
80482,遣怀·出仕才堪斗大州
67190,梳发·发白真堪惜
352691,拟岘亭·英雄往事堪叹息
380989,杨柳枝·高秋萧瑟思何堪
285395,深秋漫笔·秋实诚堪喜
95586,吐花成诗·落去梅堪裹
453628,蛰堪王燕书玉游赣急往章门拜晤盛元晓华陈平在座
70182,临江仙·堪叹火风地水
337814,题梅花帖·梅经和靖诗堪画
1085474,予自饶易夔以七月九日行饶人遮道挽留易轿由间道而去提点何德献相追不及以诗见寄云断桥截镫亦堪怜始信林间别有天微见兵机第一义朱轓暂席广文毡因次其韵
165614,玉楼春·小楼新创堪临远
303921,以京师菊种寄养苏堪园中托之以诗
223212,嘲燕·年来乳燕亦堪羞
297306,挽吴湘玉·回思旧事堪怜惜
667869,豫章陈生纪善堪舆诗以赠之
348279,晚晴·川涨那堪雨
284539,寄某君·江海犹堪容旅才
213317,漫游·不堪惆怅满离杯
82965,夏日·动身尚嬾那堪事
1219514,虞学士小像，为其侄孙堪题二首 其一
223625,王秀之·一事真堪笑
278536,永定坝·江水何堪径入城
165959,再和·须弥纳芥事堪惊
671659,会稽宣绣方之上海顾绣适堪姨姒友人见贻分丝观音一幅针锋细贴殆类白描女工之佳者也赞之以歌
348256,幽居·春晚堪行乐
828556,梦与梅泉同哭苏堪醒记以诗即寄梅泉
466455,浪淘沙　四月廿七醉兼病不堪，卧肖处作三首
125099,赋五题·二月风堪爱
291235,西江月·往事那堪重忆
207936,渔家傲·嫩绿堪裁红欲绽
828141,苏堪六十生日 其二
267958,彭县晓发·彭州堪送目
220199,赠彦先·此地堪营屋
94356,观稼·三年弃旱独堪闻
181366,湖州歌·不堪回首泪盈盈
319740,兵远·绝壑谁堪此旦昏
368443,病中书事·应知露肘贫堪忍
177290,冬夕书事·堪嗤栖屑客长安
789292,寄怀郑苏堪
832723,鹧鸪天 简苏堪，时将营寿藏，丐其书碑，碑曰彊村词人之墓
246278,满族乡·堪怜旧俗近无遗
51822,萧皋别业竹枝词·呼雏逐妇总堪怜
173321,昨夜偷·吏部真堪上罚觥
347398,除夜哭·我老那堪哭
264524,七夕遣兴·尺宅堪图寸晷清
116365,赠赵簿景平·纷纷俗物久堪憎
1063656,吴子副送性之诗有老子只堪持蟹螯之句因寄之
252478,称善斋·宦途驰逐只堪羞
608035,长儿埙多疾遣入大学就医留都逾年次儿堪有丧偶之变伫望南归理家政予过京口遣使问之且促其归
828144,苏堪六十生日 其五
290426,限蹄字·六朝往事不堪提
175338,西峰壁·山中亦有薇堪采
175030,送子云·薄宦何堪远
35618,王僧虔·位高名重不堪疑
376822,白云庄·堪爱仙庄近翠岑
180941,感事·丧乱那堪说
655713,蓬漏不堪坐起赋此以慰余李诸友
289580,哭沈少鹤·椿萱衰暮已堪伤
231825,寄诗·不堪羁寓天一方
357057,论文·收成半部业堪誇
819787,莫干山夜坐同释堪
752233,澹堪杂诗 其八
413659,集杜 其二 不堪
863889,赠刘仲堪
875115,杂咏一百首 其四十八 周堪
807612,水龙吟  春游即目赋得侍儿堪感路旁人
175271,别安子允·得酒犹堪尉倦游
321330,述怀·吾年三十百无堪
34361,献主司·那堪雨后更闻蝉
177726,赠刘仲堪·刘生颇少秀
83151,闲咏·白头羁客更堪论
152892,再游西城·柳条破眼已堪攀
180881,自咏·蚍蜉堪笑亦堪怜
180881,自咏·蚍蜉堪笑亦堪怜
259483,学稼·不堪炊煮一箱书
853242,堪笑 其一
249409,读蛰堪兄诗词有赠
240667,和制帅·离索堪惊岁月忙
178623,赠别·强颜从宦益堪悲
316845,贺新郎·风雅谁堪比
87121,十绝·丑石榕堪坐
834403,南浦 其三 叠前韵荅复堪和作，并敩其意
271424,赠曾阖君·秦筝抚罢事堪伤
375220,莺·最堪听在绿阴阴
123715,夔门即事·峡行风物不堪论
176105,失题·年来古道不堪行
309512,南乡子·李释堪夫人绘所居桥西草堂图属题
302440,牡丹作·违弃何堪赋改求
288012,秋柳四章·春风袅袅正堪怜
301861,感愤·铜驼荆棘已堪伤
270250,晤金懋鼎·樗栎何堪遇鲍知
81991,思蜀·老子馋堪笑
69855,西江月·堪叹木金相间
828483,与苏堪苕雪治芗夜饮各成三首 其二
224978,无心颂·堪笑我心
237270,极相思·相思情味堪伤
214207,驴·力侔龙象或难堪
243959,金丹诗·堪笑愚人被色萦
977773,渔父乐 其三 堪画看
291731,海河逭暑·七不堪中何处去
283324,南浦·叠前韵荅复堪和作，并敩其意
154717,提葫芦·花开已堪镜
270438,忆琴·憔悴何堪宝瑟僵
263475,竹枝词·花开堪折满枝头
309880,蝶恋花·九十春光堪小住
746799,壬戌五月初三夜忽中风痹之疾香山所谓体瘝目眩左足不支与有同病焉昔苻坚得习凿齿于汉南因其蹇疾裁堪半丁香山诗云汉上羸残号半人是也余年已七十可以称翁因自号半翁纪之以诗 其一
248698,清宫词·一人为大国何堪
53523,秋日杂兴·雨花风叶总堪怜
579382,清歌堪善乐石鸣韶
63608,落花·铜台金谷总堪伤
1072713,和赵叔清登殷仲堪读书台二首 其一
386538,雨窗有感·梨花零落事堪悲
69851,西江月·堪叹离门坎户
250930,悼亡·飞花往事只堪哀
541333,端阳前二日宗阳约游西湖同游叶韡夫严体恕姚抗之侄孙世俊得堪字
265278,升仙篇·少室堪求道
292686,望江南·南市好，电影最堪娱
54935,感怀诗·仲堪昔行役
98696,挽俞克晦丈·好官堪底用
81049,郊行·春郊无处不堪行
828481,和苏堪夜饮三首 其三
170479,姜维·无德那堪力不任
99342,浣溪沙·霜鬓真堪插拒霜
381861,题老桧·树头亦有堪题处
45714,秋兴·不堪雨细又风斜
144001,迎秋·热不能堪又便秋
242078,杂诗·叔夜七不堪
104348,寄渭州刘太保求市堪乘稳駃马
304367,五月十三日同韬庵年丈苏堪愔仲酒集
314147,惜春·何处堪惆怅
1072714,和赵叔清登殷仲堪读书台二首 其二
275814,金陵杂诗·后庭花发最堪思
451843,鹧鸪天 马湖泛舟分韵得帘字蛰堪命作异调当时未竟夜梦足之
373719,贺新郎·名宦何堪数
694092,伍国开索烧料香余无以应以真沉堪入药者赠之因口占二绝
124262,赋五题·二月花堪爱
443828,次韵和世广、济夫兼柬蛰堪、东遨
204228,江上作·往事那堪问
893121,七不堪诗七首 其五
35600,刘毅·绕床堪壮喝卢声
973564,题堪隐
106390,漫兴·老岂堪从仕
143927,临江仙·野外不堪无胜侣
829430,和苏堪夜饮三首
346812,吾族盘石将挟堪舆家出游索诗送行
359712,番社杂咏·殊风虽陋尚堪论
38474,放猿·堪忆春云十二峰
215560,见赠·无物堪持比此冠
132853,春风花草·何物堪为寿
291800,蛰堪·笔底香红著意搜
522032,王廷辅除广东盐课提举有不堪其事之虑赋此勉之
460485,浪淘沙　四月廿七醉兼病不堪，卧肖处作三首 其一
28488,水国诗·水国不堪旱
69927,小重山·堪叹犊儿堪叹牛
69927,小重山·堪叹犊儿堪叹牛
443732,蛰堪兄诗贺贱辰，次韵奉和
823365,江城梅花引 蔡巽堪师梅花草堂填词图
828784,苏堪手写和乙庵师诗有「窗间枕书人二竖语膏肓日车何时翻一快偕汝亡」句爱其喷薄激烈漫题其后
268515,药园诗稿·云烟过眼剧堪怜
92017,秋凉晚步·秋气堪悲未必然
231355,茶·真上堪修贡
642024,堪笑二首 其二
277202,次韵释堪元日
280168,数典诗·文王圣德足堪夸
220390,寿安宣相·磊落堪舆气
24230,景阳井·景阳宫井剩堪悲
72739,次韵虞隐君堪潘阃掾谷雨中见寄
228409,避暑溪上·不堪愚蜗舍如炊
1005321,七月望日避地省坑存思庵留题时章林出白石可为水晶有旨差路县官同金玉提举差夫取凿又宿兵守之吏卒旁午指予为上户求鸡羊酒米油铁无以应其求且不堪其屡也来避于此予念自丁丑之乱至此凡三避矣僧旧屋更新怅然有感因赋之
781067,忆癸酉春夏与奉峨兄读书于城南之保安寺甚自得也时有秦先生者山东快士喜堪舆精占卜聚谈者屡遂订交焉今日各有所就而风流云散如此追感不胜惘惘因赋绝句九首呈奉峨兄 其七
74473,苏武慢·堪叹群情
769960,忆秦娥•堪讶
58019,松寥阁与堪公夜坐看月晨起值花朝连春分纪事
447844,数接王蛰堪先生短信，语多厚望勉励，乃追忆杭州之别，感愧而六叠前韵以呈
386991,寄赵子将·怜君落魄不堪羁
617049,赠杨金山堪舆
64716,有感·寥落无堪过半生
893120,七不堪诗七首 其六
370370,秋闲·野意不堪老
372491,北塘重九·堪嗤唐彦鄙连疆
1168024,望九华赠青阳韦仲堪
69897,小重山·堪叹环中这只牛
279618,杨柳枝·结带题巾恐未堪
633596,顿修省觐苕上痛堪家难事后返栖贤久未入岭诗以速之
1084255,殷仲堪读书堂二首 其一
1032433,赠堪舆家杨生
974074,近乏笔托二张求之于市殊不堪也作长句以资一笑
124308,渔家傲·七宝池中堪下钓
87849,竹溪·七窍岂堪频凿
828147,苏堪六十生日 其八
165961,再和·儿童豪气自堪惊
450393,巫山一段云六首 其六 堪忆
63609,落花·名园佳卉剧堪怜
152666,诉衷情·不堪回首卧云乡
291455,相见欢·不堪王粲登楼
1005322,九日与正仲子堂君英举酒于篆畦璋万二侄男庭坚仲容仲堪叔献季临与焉
87670,罗湖·中州无地堪投足
287102,吉林成淡堪龙沙感事诗遗墨乃易箦前所作其子属题
106402,漫兴·袍絮无堪换
125431,不堪诗·三不堪
125431,不堪诗·三不堪
193453,水调歌头·已是三堪乐
1209034,江叔志司业堪老园（四首） 其三
445611,答蛰堪先生惠寄半梦庐词
440422,金陵梅雨连宵小暑日始放一晴徐公退之招共啸云先生燕饮时龚云起先生等台岛诸高贤在座欢醉归来闻台风又将过境也今日作此呈芙老退公抑之兄席上退公吟黄仲则十有九人堪白眼百无一用是书生诗句即用其韵
352632,中台·中台岌岌最堪观
96706,宜春·近事真堪深骇
875300,余为建阳令遣小吏王堪为西山翁之役翁留之仙游山房招鹤亭之上令抄道书久之若有所悟弃家不归后六七年访余田间敝裘跣足真为道人矣自言欲谒翁于桐城作五诗送之 其一
685548,城中小筑新成夏月馀凉堪贾虽仅容膝亦颇远俗漫裁十律以畅幽襟
252867,赏菊感作·夷吾弃世实堪嗟
446561,岁云暮矣雪风寒，牢落情怀百不堪。思与佳人同揽辔，短衣长铗太行山 其一 岁暮寄人之二
383596,牛·后大惟堪粪
86930,得归·叔夜形骸已不堪
129582,简季桐庐·愧面何堪见客星
125430,不堪诗·二不堪
125430,不堪诗·二不堪
388811,竹枝词·堪笑乡愚寡见闻
381520,杂诗·廿年夜起迹堪寻
347524,挽范丞相·大节谁堪拟
35537,万葛树·叶如羽盖岂堪论
297745,蝶恋花·浮生万恨无堪遣
905410,节假之中风气又作仅将伏枕固难登门更献五章代伸一谒疲兵再战已取败于空弮下客请行尚费词于露颖徒堪大噱岂足遍酬虽投刃皆虚冈睹全牛之状然援毫而就亦劳倚马之才但冀览之斯为幸矣 其一
605104,有欲寻读书社旧盟者余因追悼陈景文及亡孙堪赋此答之
374806,闻雁有感·秋思堪悲处
81547,书喜·堪笑龟堂老更顽
181453,醉歌·援兵不遣事堪哀
279945,永城道中·春风此地不堪论
338037,人世·浮世堪嗤似戏场
112645,剑池·属镂堪为后人伤
987979,嘉定甲戌正月以金部郎分阃东淮正当金虏弃巢南奔之时人不愿往以君命不敢辞首尾五年而不得代戊寅腊月以少蓬召而病且衰矣自知不堪世用决意南归舟次豫章三疏丐闲而不得请幡然东下舣棹南康重湖阁夜梦人告之曰死于庐山之下觉而识其事并以小诗谢山神
270416,忆琴·相逢病榻百堪怜
268789,凤吹·不堪众矢集榆枋
611938,城中小筑新成夏月馀凉堪贾虽仅容膝亦颇远俗漫裁十律以畅幽襟 其一
250385,丙戌夏日与京城诗友设宴迎接蛰堪东遨燕婷来京步是务斋主韵
1063904,和堪维那移居
202080,吾族盘石将挟堪与家出游索诗送行
124501,杨柳词·垂杨无态不堪夸
178824,再次前韵·斋国馈时堪出走
38607,短歌行·蟾光堪自笑
253530,白荷·草塘伫立最堪思
774755,客读陆放翁临川道中诗醉饱休相避堪羞甚乞墦语为谑浪语予曰不然是至理也是从处室章赵氏注昏夜乞哀白日骄人句申言之爰赋一律
139617,水调歌头·堪怪两外府
259521,秋郊晚望·桃竹犹堪杖
18784,喜罢郡·五年两郡亦堪嗟
271211,赠友·不堪回首昔年情
70055,西江月·堪叹东西南北
176604,雪中有感·闾阎愁叹不堪闻
324238,和郑元清同游殷仲堪读书台
37376,古塞下曲·南北惟堪恨
193751,晚菊·青蕊重阳不堪摘
353177,茧瓮亭·有家堪作茧
285423,有怀·不堪凝恨转轻颦
90100,马援·土室不堪处
487816,寄题龙华寺兼柬堪公
384149,留别鹭洲·回首韶光总不堪
69858,西江月·堪叹这般曲调
159744,北楼·地迥楼堪倚
1109861,殷仲堪读书堂二首
200442,初夏旅中·吟髭细撚只堪伤
459113,九月十四夜在临湘，病不堪其苦，作《霞伢剪挂饰歌》遣之
197195,踏莎行·堪笑山中
139437,题金山·老大疏慵百不堪
828505,苏堪作东坡生日会饮 其一
1209032,江叔志司业堪老园（四首） 其一
313914,中秋别侠堪
459867,偶翻旧稿，见九五年绝句：“定当归去故家楼，梦里先来种木奴。异日小窗读周易，可从窗内一抬头。”“十年前景恣重游，更为归来预作图。梦里一身归枕在，故家新计两虚无。”异日句梦中所作，盖尝梦掘香椒幼株，欲种故家后窗外，而终不就。因忆故家后窗外实尝有一树，似为桃，已近枯，亦未见著果。时先君行弃世，毁悴无形，常负手徜徉其下，摩娑不止，如不堪者。树侧为邻家进舟爹茅厕，先君病肺病痔，每如厕，必时许乃出，护裤于腰，
248343,歌乐山中·蓊郁绝尘堪结庐
291355,蝶恋花·密约今生堪几误
74587,闲适·绿杨堪系五湖舟
20859,陇头水·千古不堪闻
338133,悼亡·一岁何堪五女殇
289045,欲别·欲别不堪别
828146,苏堪六十生日 其七
34038,王茂弘·韩魏荆扬日岂堪
70185,临江仙·堪叹江河淮济
338566,感旧·不堪回首旧山河
1197749,渔阳民为张堪歌
307373,春柳·未堪绵绿制宫袍
123430,秋前三日大雨·暑残堪喜亦堪憎
123430,秋前三日大雨·暑残堪喜亦堪憎
342416,花下饮·茗柯蕴藉韵堪酬
136128,次韵·幸堪击壤乐清时
100264,自度不能堪·柏台霜气夜凄凄
108333,晚望·万事何堪挽
56079,再答·宦邸聊堪隐
285443,杜少陵墓·诗人乱世最堪伤
571258,送龚发轩先由沅州兵宪改云南提学以外艰未赴服缺复领旧职尝有谮君近视不堪提学者故微谑之
203651,头巾·堪笑吾邦几秀才
177916,弊帷诗·谪宦那堪叹弊帷
1059075,送杜堪才以江汉故人少为韵 其四
375460,贺新郎·咄咄真堪怪
72913,神仙会·堪嗟世上人
419476,玉漏迟 夏悔盦丈逝世旧京，因用遁堪乐府吊彊村翁韵以当哀些
812191,澹堪杂诗 其三
828193,题孙隘堪南窗寄傲图卷
178882,乘舟阻风·平生所遇悉堪咍
1088864,近得一二砚示范达甫笑以为堪支床也许送端州大砚作诗以坚其约
4297,感怀·秋风落叶正堪悲
318593,忧愤·荒城节物百堪悲
607415,堪舆寄隐卷为麦茂才作四首 其四
96899,洞庭柑·逾淮为枳信堪奴
163111,鹧鸪天·老病那堪岁月侵
559219,送堪舆饶少峰归豫章
46202,病中作·生死中年两不堪
92357,亦好园·金谷惟堪贮俗尘
460486,浪淘沙　四月廿七醉兼病不堪，卧肖处作三首 其二
567824,孟冬下旬樱桃作花折寄守经并小作二首希和而海棠一枝白醑一壶及妙咏一绝巳先在门矣余既和其绝复拟此律方入哦见囱梅复花王山人至问其园云无不花也果尔岂能逐品为赋咏耶因统以一律而昨夕风恶甚邻竹纷折划如岁爆庾江潭云树犹如此人何以堪噫伤哉　附次来倡海棠白醑诗
840666,吉林成淡堪龙沙感事诗遗墨乃易箦前所作其子属题二首 其一
752231,澹堪杂诗 其六
752635,寄郑苏堪 其一
518146,日落依旧出花落还再开如何人委弃一去不复回达贤每知道适兴衔金杯读书窥往事立功图云台悯彼名未成聚散轻烟埃思之五情热咄咄堪悲哀
202033,浪淘沙·往事只堪哀
86299,余为建阳令遣小吏王堪为西山翁之役翁留之仙
611946,城中小筑新成夏月馀凉堪贾虽仅容膝亦颇远俗漫裁十律以畅幽襟 其九
614200,清源庵地颇幽静堪作诗社赋排律一章呈潘寰瀛梁澹明二明府冯载赓许今喜二孝廉王尧韭陈命美答玄亮诸文学
138997,见寄·老矣何堪剖竹符
828507,东坡生日酒间苏堪诵寒食雨及苍梧道中寄子由诗声情激壮为作此诗
443982,沁园春 乙亥暮春与蛰堪晓华登滕王阁
337643,书怀·人间逆境似难堪
605558,胡虞卿以素卷来索拙书有苏书换羊之戏遂书近作还之亦得戏语二十八字恐羊肉不可换止堪换天妃庙畔茅柴一壶耳
272657,阿玉·阿玉殊堪忆
89117,夏旱·南荡浅堪戽
221672,少马·龙堪斗健铁为鞍
1010328,堪叹
828793,苏堪生日六十寿言十首 其一
356720,仲夏村居·老来衰惫总堪嗟
277204,咏史有寄·中原亡鹿不堪求
342438,书怀·青精黄独己堪锄
200352,三用韵·无官堪受禄
223708,窦章·蔬食可堪贫
853239,堪笑 其三
243999,金丹诗·真铅真汞最堪凭
35996,言行相顾·将使言堪复
69019,龌龊·龌龊宁堪处
125426,不堪诗·七不堪
125426,不堪诗·七不堪
1082477,昨日往候伯源承轩盖未还第见两夫守舍面目严冷有羽林貔貅势一仆候门遇故客乃加礼振声折腰应对响答若骋骏足而未果者因问主翁何在日晏何尚未归仆从如汝辈凡几人三人者齐声答曰主人旦暮出入结驷荣盛奔走执事毕具间枉车骑过客它舍群驺之外尚馀三人我辈是也见其庭户森然黄帘绿幕朱户扃固此三人者特外隶耳而势已如此使仆误入帷帐深处又当何如仆时病起与羸夫为三既不得见因招篮舁将还三人者自后指而笑之意诮客太无堪态主人真可誇也俛首兴嗟
334494,梅花·新年何事最堪悲
271421,甲午节事·徵调何堪遍四方
46188,就医·浮世堪惊老已成
301738,题画莱菔·堪笑何曾无下着
381235,霜夜·酒薄才堪助断魂
355778,秋宴口号·矍铄仍堪将帅间
443823,次韵奉和蛰堪元旦口占
990191,昌化朱浪潘子云汉臣季子也汉臣既物故持其季父圣与诗来因问堪村徐季登其健如昔昔戊戌省试后道出昌化馆于汉臣一日同访季登遇榜下第于渡口今三纪矣因子云告别有感前事作此章以饯之为我谢圣与兼简季登
15995,春别曲·长江春水绿堪染
357742,夜归作诗·簿书填委我何堪
443684,平韵满江红 乙亥暮春与谷风蛰堪晓华游西湖
345508,感怀家山·悠悠功业老堪怜
313509,剑门遇雨·一堪当万果非誇
282034,雪夜·穷冬急景岂堪论
284467,春日独游·僻处唯堪共鸟言
353959,见寄·涉世真堪笑
559241,乙卯贱辰买舟抵北溪课耕时儿孙及叶印峰堪舆蔡同州楷书同行而西席黄悟一亦尾舟后至呼卢剧饮颇属胜游为赋近体四首 其四
4967,早秋赠裴十七仲堪
154710,闲书·逐出堪羞子溥
110114,乳峰庵·崖窦乳堪啜
290589,四律留别·维摩问疾也堪怜
622733,梦无聊犹可寻梦花落堪思
251398,相见欢·唯物辩证堪师
191380,春日书怀·吴兴太守也堪怜
193833,石菊·花美虽堪写团扇
829419,苏堪六十生日
37735,比干传·昏王亡国岂堪陈
69854,西江月·堪叹云生顶上
563155,赠黄企石堪舆
702777,堪笑二首
315626,路傍老叟·路徬遗老亦堪悲
375923,挽同衣·有地皆堪隐
1028962,学录李诗翁以诗访予于乳溪之上且求县学积俸偶值窘匮恨不能满其意漫以数语送之第饥来不堪煮耳
828546,苏堪挽诗 其二
218886,平步楼·主翁面貌不堪夸
129698,堪笑·堪笑张华死不休
129698,堪笑·堪笑张华死不休
140699,简周晞稷·尘土真堪畏
304172,和苏堪夜饮
893122,七不堪诗七首 其四
443793,减兰 寄怀蛰堪唤云
331952, 减字木兰花·阴晴堪画
45984,五十六岁生日三绝·女痴妻病自堪怜
893125,七不堪诗七首 其一
304095,题画·閒居兀兀自堪惊
559006,送堪舆雷双溪归丰城
253722,七夕·晒衣堪免俗
781064,忆癸酉春夏与奉峨兄读书于城南之保安寺甚自得也时有秦先生者山东快士喜堪舆精占卜聚谈者屡遂订交焉今日各有所就而风流云散如此追感不胜惘惘因赋绝句九首呈奉峨兄 其四
69849,西江月·堪叹西南地顺
189340,平湖·平湖一景堪图画
374407,升堂颂古·溪头杨柳未堪折
390040,偶题·汉庭求旧未堪论
70183,临江仙·堪叹工商农士
611940,城中小筑新成夏月馀凉堪贾虽仅容膝亦颇远俗漫裁十律以畅幽襟 其三
1198850,示殷仲堪诗
354197,红梅·不堪冷照黄昏月
321074,秋兴·不堪老病缚閒身
611945,城中小筑新成夏月馀凉堪贾虽仅容膝亦颇远俗漫裁十律以畅幽襟 其八
266301,忆江南·堪忆处，曲巷试单衫
173069,焚黄诰·伶俜族绪不堪论
105136,依韵·一年一见最堪惜
167650,寄戚子云·七不有堪一不成
91893,饭罢散策遇细雨·秋暄团扇尚堪携
1105404,堪笑
170387,殷浩·王蒙谢尚不堪论
269452,叹老·百岁光阴一笑堪
361889,宫词·翠色青浓自不堪
921107,予以事系御史台狱，狱吏稍见侵，自度不能堪，死狱中，不得一别子由，故作二诗授狱卒梁成，以遗子由，二首 其二
315295,虞美人·隋宫旧事那堪说
127565,癸已圣节·堪舆亨会接洪基
61769,即事·东风堪赏犹堪恨
61769,即事·东风堪赏犹堪恨
1015562,送李堪
208783,遣兴·衡门秋到总堪悲
64051,寒夜曲·少年离别不堪言
125867,偶书·堪笑又堪嗟
125867,偶书·堪笑又堪嗟
165571,离亭宴·丹府黄香堪笑
274427,穆护砂·有恨谁堪语
316116,种菊·黄花凋落太堪怜
446562,岁云暮矣雪风寒，牢落情怀百不堪。思与佳人同揽辔，短衣长铗太行山 其二 岁暮寄人之二
203639,弦月·人间离别最堪怜
1010123,时当末伏暑气愈隆老者殊不能堪而旧业荒残清凉石室无由归隐因赋是诗
388006,所思·老大逢秋其不堪
202387,还自岭南·凭陵岁月固难堪
329216,堤上·落花吹尽不堪忧
168545,卧疾绝句·老里何堪病再来
304173,与苏堪苕雪治芗夜饮各成
224523,水调歌头·江湖堪极目
781061,忆癸酉春夏与奉峨兄读书于城南之保安寺甚自得也时有秦先生者山东快士喜堪舆精占卜聚谈者屡遂订交焉今日各有所就而风流云散如此追感不胜惘惘因赋绝句九首呈奉峨兄 其一
104033,观理蔬·野荠不堪食
1236833,虞学士小像，为其侄孙堪题二首
905411,节假之中风气又作仅将伏枕固难登门更献五章代伸一谒疲兵再战已取败于空弮下客请行尚费词于露颖徒堪大噱岂足遍酬虽投刃皆虚冈睹全牛之状然援毫而就亦劳倚马之才但冀览之斯为幸矣 其五
296477,再次前韵呈复堪娟净
1240362,次韵虞隐君堪潘阃掾谷雨中见寄
159575,怀子京镇阳·洛表楼堪倚
829431,与苏堪苕雪治芗夜饮各成三首
1059074,送杜堪才以江汉故人少为韵 其三
382017,赠玉岩诗·堪笑先生四壁无
403011,南乡子 李释堪夫人绘所居桥西草堂图属题
254043,鬼节·禁烟时节亦堪嗟
951113,唐世有刺郡江表者时宰嘱以新淦出笔令制以寄刺史始至召佳手一老父应命百日而得二管驰贡相府一见已讶其迟且鲜试之乃绝不堪大怒曰数千里乃寄两管恶笔来刺史闻之惧欲寘老父于罪老父诉曰使君毋草草我所制乃欧褚所用丐先示以相君翰墨容再制苟不称甘鼎镬遂示之慨然曰如此只消使君三十钱笔不日献五十管暨再使至长安相一试大喜复书令优赐匠者夜窗偶试毗陵张颢笔戏为之赋
624384,伍国开索烧料香余无以应以真沉堪入药者赠之因口占二绝 其二
124265,出郊·茂草平堪藉
345367,次泊头·何处不堪老
42859,岁暮杂忆·白下最堪怜
80052,秋思·秋来情味更堪论
352834,聚萤斋·书蠹犹堪读
466284,偶翻旧稿，见九五年绝句：“定当归去故家楼，梦里先来种木奴。异日小窗读周易，可从窗内一抬头。”“十年前景恣重游，更为归来预作图。梦里一身归枕在，故家新计两虚无。”异日句梦中所作，盖尝梦掘香椒幼株，欲种故家后窗外，而终不就。因忆故家后窗外实尝有一树，似为桃，已近枯，亦未见著果。时先君行弃世，毁悴无形，常负手徜徉其下，摩娑不止，如不堪者。树侧为邻家进舟爹茅厕，先君病肺病痔，每如厕，必时许乃出，护裤于腰，
35819,宿山驿·文战何堪功未图
828545,苏堪挽诗 其一
828563,苏堪上海所居园中有栝四株李拔可所赠也既来长春故居斥卖栝还旧主今苏堪逝世栝亦枯矣拔可乃作还栝图徵题 其一
828563,苏堪上海所居园中有栝四株李拔可所赠也既来长春故居斥卖栝还旧主今苏堪逝世栝亦枯矣拔可乃作还栝图徵题 其一
1164755,送郑堪归东京泛水别业
214703,满江红·老矣何堪
828506,苏堪作东坡生日会饮 其二
92708,过真阳峡·堪笑跳波数百滩
214830,山居诗·触目堪嗟失路人
828479,和苏堪夜饮三首 其一
150590,送方叔·管弦韵胜堪娱客
794057,夏日子返见过，叹予近诗，庶几于言者无罪，闻者足戒。嗟乎足以垂戒，则吾岂敢。昔苏子瞻以诗得罪，究得罪之故，初不系乎其诗，狱中遗子由二诗反以得白。吾师所称有命信夫。彼自矜罗织之巧，搏击之能，正不堪一笑耳
170182,施通判·清源古郡多堪纪
333358,奉寄·年来衰病不堪论
357040,失题·潭水清堪鉴
351844,馀甘汤·此老才堪上谏坡
88997,四叠·典刑堪受百花朝
56319,吴宫四时词·何处堪销夏
69916,青玉案·上元佳致真堪看
837535,一寸金·题罗复堪三山簃校碑图
290422,原韵·阿浓颜色本堪誇
186097,缘识·真境堪依仗
905413,节假之中风气又作仅将伏枕固难登门更献五章代伸一谒疲兵再战已取败于空弮下客请行尚费词于露颖徒堪大噱岂足遍酬虽投刃皆虚冈睹全牛之状然援毫而就亦劳倚马之才但冀览之斯为幸矣 其四
149540,郡斋戏句·萧条吏散如堪适
123987,七不堪诗·一不堪
123987,七不堪诗·一不堪
126373,自述·何者堪名席上珍
296684,蝶拍·六朝金粉不堪论
115782,潮水·近来消息愈堪猜
812192,澹堪杂诗
38289,爱吟·正堪凝思掩禅扃
55004,郊居·种禾已堪炊
409376,壬戌人日集成君澹堪寓斋即用其哈尔滨寄都吟侣韵 其二
302070,梦兄文忠·堪悲堪仰事无穷
302070,梦兄文忠·堪悲堪仰事无穷
829471,苏堪挽诗
349411,双头芍药·桃茢无堪谩祓除
466906,岁云暮矣雪风寒，牢落情怀百不堪。思与佳人同揽辔，短衣长铗太行山 岁暮寄人之二
828468,闻苏堪作东坡生日戏赠一诗
43319,阻雪·关山虽胜路难堪
1072952,和郑元清同游殷仲堪读书台二首 其二
443837,次韵奉和谢堂兼柬蛰堪
853241,堪笑 其四
624383,伍国开索烧料香余无以应以真沉堪入药者赠之因口占二绝 其一
893124,七不堪诗七首 其二
236824,梅花百咏·最堪避世有墙东
241329,玉锄头·黑牙黑面不堪收
430209,拔可以重刻蜕庵集见贻因题寄希白复堪
69857,西江月·堪叹白莲吐秀
275120,寄怀郑苏堪
853240,堪笑 其五
155589,寄陈孟容·细草还堪藉
235697,好事近·春去尚堪寻
121902,寄程帅·南园胜绝真堪画
243062,梅花·古称秀色若堪餐
1084256,殷仲堪读书堂二首 其二
815970,忆癸酉春夏与奉峨兄读书于城南之保安寺甚自得也时有秦先生者山东快士喜堪舆精占卜聚谈者屡遂订交焉今日各有所就而风流云散如此追感不胜惘惘因赋绝句九首呈奉峨兄
333957,元亮次韵·久知瓮底堪肥遁
459865,偶翻旧稿，见九五年绝句：“定当归去故家楼，梦里先来种木奴。异日小窗读周易，可从窗内一抬头。”“十年前景恣重游，更为归来预作图。梦里一身归枕在，故家新计两虚无。”异日句梦中所作，盖尝梦掘香椒幼株，欲种故家后窗外，而终不就。因忆故家后窗外实尝有一树，似为桃，已近枯，亦未见著果。时先君行弃世，毁悴无形，常负手徜徉其下，摩娑不止，如不堪者。树侧为邻家进舟爹茅厕，先君病肺病痔，每如厕，必时许乃出，护裤于腰，
46443,秋柳·欲挽长条已不堪
188413,夕阳·夕阳堪极目
132306,郑教授·采蘋堪赋月斋诗
453629,清平乐  蛰堪吟兄南昌别后见忆次韵奉酬
257101,太平泉·水边堪赋濯缨歌
175770,送杜季习·摇落难堪更语离
103149,午日·百草堪为药
58055,住静·数椽堪著我
383867,感事·扶桑铜柱亦堪危
1154838,送卢堪
460487,浪淘沙　四月廿七醉兼病不堪，卧肖处作三首 其三
333238,家居集兴·芸窗十载我何堪
253649,题介堪夫子白描水仙图
854155,堪笑 其二
995857,醇道得蛤蜊复索舜泉舜泉已酌尽官酝不堪不敢送
106232,闻军过·老胆堪多恐
448569,不堪
315203,浣溪沙·垂老真成七不堪
41789,大江东去·无堪老懒
304292,次韵苏堪谢遗泉水之作
112318,次韵十五日菊·寒芳开晚独堪嘉
457919,南乡子　2001.10.31零点，予出返料，立而待之。时冷月巡天，孤影在地。记近梦多恶，即今日梦先父，亦苦痛不堪言，因作数句记日间事。语词虽淡，而予为之泣下
90062,陶渊明·卜筑堪容膝
123926,书怀·颜徒陋巷不堪忧
409375,壬戌人日集成君澹堪寓斋即用其哈尔滨寄都吟侣韵 其一
827994,以京师菊种寄养苏堪园中托之以诗
752228,澹堪杂诗 其三
145334,深村·深村堪就隐
459866,偶翻旧稿，见九五年绝句：“定当归去故家楼，梦里先来种木奴。异日小窗读周易，可从窗内一抬头。”“十年前景恣重游，更为归来预作图。梦里一身归枕在，故家新计两虚无。”异日句梦中所作，盖尝梦掘香椒幼株，欲种故家后窗外，而终不就。因忆故家后窗外实尝有一树，似为桃，已近枯，亦未见著果。时先君行弃世，毁悴无形，常负手徜徉其下，摩娑不止，如不堪者。树侧为邻家进舟爹茅厕，先君病肺病痔，每如厕，必时许乃出，护裤于腰，
83520,幽居·老子堪咍老转痴
79313,杂感·鹤乘轩车已堪叹
403674,倦寻芳 癸未元日立春，梅花尚不堪摘也
646497,松寥阁与堪公夜坐看月晨起值花朝连春分纪事同赠
269116,蛾眉七绝·迎不能堪拒亦难
185896,缘识·寻思往事便堪疏
828557,苕雪作感旧诗有「欲近霜风吹帽节可能无感白衣来」之句盖去岁九日余在病中苏堪强邀作登高之会也因次其韵
227026,和宋英叟·不堪血泪望长陵
828142,苏堪六十生日 其三
261503,木樨·菊小未堪摘
604877,勋侄瑩儿堪台两孙偕试棘闱诗以勉之
27979,新秋即事·堪笑高阳病酒徒
129491,次韵王尉·雪屋谁堪语
