338145,悼亡·要结今生不解缘
143313,浪淘沙·铅汞要加添
939121,永邑杨君鉴子明辟斋读书将从事于古人为己之学求斋名于予并欲得一语以示为学之方予谓学虽多端而其要莫先于明善所以子思孟子俱以此开道后学大学格物之训实同出一源故因杨君之请扁以明善且诗以演其义幸毋忽其言之陋云
314285,题清人·要替人间宰不平
90938,岸沙·水嫌岸窄要冲开
196419,寄张廉·七闽古要荒
347981,净惠山亭要客致酒
566903,今来自岭海者云扶桑花也予昔所见殊不类是殆大苏所咏涓涓泣露紫含笑焰焰烧空红拂桑耳花家剪双头见寄始觉首四作之误乘酒漫成六首以赎差错插砚水瓶嫣然有笑语意岂亦怜老人之衰眊耶复取馀沥浇之当缠头耳滇蜀村歌云披蓑衣打杖头鼓风流在何处予拟答乡谚云雪落长江里依旧化作水何不落则雨却要是个底不知花神有知作何平章夜见梦云叟所谓黄连树下弹琴也 其二
78922,仲冬书事·省身要似晨通发
236617,尚书·清要三朝望
47541,吴歌·莫信登天不要梯
349223,临要阁·十里烟波竹外溪
473311,白丈自杭州归要游天池
374471,拟寒山寺·出家要清闲
148342,赋梅三篇·万物丛中要独行
1075445,九江王兴道早岁休官作易安奚疑二室要余作诗 其一
973604,邂逅徐应卿于都下要之同归不可索诗因作
96830,梅花绝句五首要明叔仲威同作
135306,次韵蒋德要三径
157183,西江月·抵死漫生要见
337642,偶题·生涯莫要问如何
528720,吾郡古要害地也闲居兴怀追咏古迹作诗八首 其七
42010,已亥杂诗·艰危门户要人持
237655,户曹之夔·要路倦登临
158718,东郊·要拓郊原眼
90688,诗情·只要琱诗不要名
90688,诗情·只要琱诗不要名
569221,太宰梦山杨公谓不佞为作桃花岭歌未有以应也今年春以书来云客至吴中册有子二诗然而非子诗也能竟恝然乎哉适晨起行药小径落红狼籍忽有斐然之思因遂成一歌寄公不知其能胜二赝诗否要之落句狂语彼固不肯道也公以为何如
233661,春味·评诗要平淡
228488,遣意·要静静不得
45470,不要急于相见
1050412,谢君仪携酒要客慰唁愁寂二首 其一
1120305,华文阁学士沈持要挽词
537959,大梁王君用章既去昆山为客部副郎邑人俞仲蔚集古语为八咏饯行要余与家弟和之各得四首毋论其辞之当与否而感德怀贤要自不异也 其三 处处春云生
537959,大梁王君用章既去昆山为客部副郎邑人俞仲蔚集古语为八咏饯行要余与家弟和之各得四首毋论其辞之当与否而感德怀贤要自不异也 其三 处处春云生
257980,需要
517968,重九前一日同侪者举唐人况复明朝是岁除之句要余仿此赋之
827033,鹧鸪天 久闻黄冈十力熊君，今世奇士，任道精勇，无缘会合。昨承贻我近著语要，兼称道拙词，赋此奉谢
728942,读《贞观政要》
297612,秋兴·但见怀金要路登
569729,子厚第三书孤愤之怀极矣男子要自有出世事毋论浮荣即不朽亦第二义也赋此广之 其二
825302,季直之子怡祖十二岁赋登塔诗曰凭栏词客招新月隔岸渔翁唱晚烟季直自作诗曰阿翁十二始为诗今汝追翁欲及之愿汝立身求学问要如登塔最高时又为怡祖请余书扇乃赋此遗之
256008,河上之役·新筑河堤要策勋
337789,自知·学问深功要不疑
260804,我就要走了
45581,只要明天还在
244594,送演侄·少年政要识艰难
404899,点绛唇·市楼茗坐，醇士絜生要同作
1203521,满庭芳 文登张公邵公要起玉花社
144029,中秋·要看中秋月
446200,诸子佛山聚，寤堂醉，次日未醒。别后，飞飞送小杜途中短信与余：寤堂你要多陪他，他太多愁了，忧能伤身。闻而感赋
365612,怀人诗·要使天骄识凤麟
1081356,邓端友临要阁五首 其五
184485,眉州·文华要是山川气
609584,高要陈簿给事军门以绢索诗赋赠
569306,空山者法门中狮子儿也俗腊半七十矣而犹童真安居羯磨精进般若前后受持经典何止十夹犹以未明心要遍拟参方诣余言别叩其所之则云将泛嘉禾抵余杭奉楗椎于月庭之席敷法具于莲池之堂然后折芦渡淮飞锡登嵩放达摩之少林壁掠文殊之金刚窟束铜固腹始归故山余蚁处一穴不能偕也姑为四韵以壮之
972600,初八日人事少閒命车出游因以寻诗首访滕王阁纷然屠沽思为之败已过东湖得孺子亭亭阁幽邃乃陈阜卿复作者一时诗板甚多择数知名句录之又东数步得孺子祠有像设及曾公衮书南丰所作祠堂记及沈持要重立岁月壁崩粪积殊异敬事迤逦避雨入总持寺谒澹台子羽墓阅雷公祠墓有大篆立于其前祠有乐章无尽所作雨止绝南昌县径还舣舟之地作五诗
136305,澹菴·平生只要乐清虚
980065,累夜读武经总要慨然思陈叔易寄予嵩阳读水经之句因用其韵作寄叔易此公相与倡和最多于此诗则每诵之 其三
1130289,奉要胜轩居实居士三首
1070305,春日与会要同舍会饮西园
156601,笔占示要君奇
683941,元驭阁老将北上要余于野次言别得二章
521513,程德望祠部于书室前凿池作亭秋望落成而正之内翰适至因名其亭曰登月室曰聚奎要予同赋 其一
262433,我要为一条鱼准备多少东西
265638,兵过·宁夏三边要
241255,促织歌·新虫调理要相当
220626,登罗浮山·要閒终是不曾閒
114190,赠子勉·行要争光日月
70038,带马行·既要修持心不晓
539113,端午日楚人丘户部汝谦要饮显灵宫即事
582204,敦仁坐舟中避嫌不肯再顾诗以要之
196073,仲弟借书持要不谨护有损为之覆背葺还
217200,寄衣曲·要识关雎乐不淫
261374,请要了我的命
40750,赠王主簿诗·清吹要碧玉
89349,挽李端·要识君操履
532773,社中分咏要离
521377,进士熊世芳太仆陆献臣先生令新建时所造士也奉使过家先生赋诗为其尊人寿要予同作
883694,彦和善谈性理子文继成偈句见要属和谨次韵
568935,题沈启南画林居图和韵专诸要离
140982,园中杂书·为要看花旋筑台
1210280,东坡书蔡君谟梦中绝句二放营妓绝句三虞伯生题四绝于后真迹藏义兴王子明家要予次韵凡九首 其八
1080410,尤美轩在玉山县小叶村喻子才作尉时名之取欧阳文忠公醉翁亭记所谓林壑尤美望之蔚然者后数年旧轩既毁复作寺僧移轩山下汪圣锡要诗叙本末因成数句寄之
946102,和郡守沈持要赏柑之什三首 其三
201430,左举善人物高妙才具敏特要当为世用而乃携孥
347882,诗酒·商搉文章论要公
225062,绝句·要得谷神长不死
946103,和郡守沈持要赏柑之什三首 其二
539035,沈嘉则陶一灶自随日用二斤炭可供数客至晚不竭系以诗名之曰作灶而要余嗣响
844576,要塞司令谢洁群先生慕韩四旬华诞，诗以祝之八首
569490,舒司马要饮天妃宫后桥亭水月佳甚畅而有作 其二
546029,长日抱疴掩关谢一切客朝夕相酬往者惟斋中十六君焉兴文托好各赠以诗岁寒之谊要诸白首矣石屏
1125912,七月八日要阎公达承议晚酌二首
905666,贺熊克进九朝要略转一官
620537,登南城楼　高要
566906,今来自岭海者云扶桑花也予昔所见殊不类是殆大苏所咏涓涓泣露紫含笑焰焰烧空红拂桑耳花家剪双头见寄始觉首四作之误乘酒漫成六首以赎差错插砚水瓶嫣然有笑语意岂亦怜老人之衰眊耶复取馀沥浇之当缠头耳滇蜀村歌云披蓑衣打杖头鼓风流在何处予拟答乡谚云雪落长江里依旧化作水何不落则雨却要是个底不知花神有知作何平章夜见梦云叟所谓黄连树下弹琴也 其五
1245546,张静居寓菁山以清宴名堂要余题先以诗见美因赋此酬之并似周伯阳
569728,子厚第三书孤愤之怀极矣男子要自有出世事毋论浮荣即不朽亦第二义也赋此广之 其一
522176,纶褒晋锡卷赋者甚盛刘紫岩学士序之要予同作
203567,有触述怀·英雄还要识英雄
212752,怡园先生·三朝秉枢要
313843,竹枝·打钉要锐必纯钢
509475,成化二年春王师平南夷而释其降七月班师既断藤峡伪降元凶侯郑昂王牛儿如前诱党复叛偷攻浔江不利遁过浔江之南移檄抚招执迷不从复偷劫北流容县恶极罪大不可容乃于是岁十一月躬督诸将将兵掎角进剿甫三月已俘郑昂至军寘诸重典牛儿亦授首斩其党四千九百有奇归所掠士民子女二千七百人浔梧高雷廉诸处地方复宁诚朝廷威德所致也师还驻苍梧登控粤亭读张方伯廷玺所作亭记见其纪此出师有举网竭泽之言因窃叹古之贤将相奉辞伐罪未尝妄杀人以要功竭
732083,山居张湛虚司马枉驾山人以予壶餐不备为展待因要遂臣先辈 其二
219023,二绝·劝君莫要叹无官
971837,梅花绝句五首要明叔仲威同作 其四
261334,几天不见洪水就要长大
566904,今来自岭海者云扶桑花也予昔所见殊不类是殆大苏所咏涓涓泣露紫含笑焰焰烧空红拂桑耳花家剪双头见寄始觉首四作之误乘酒漫成六首以赎差错插砚水瓶嫣然有笑语意岂亦怜老人之衰眊耶复取馀沥浇之当缠头耳滇蜀村歌云披蓑衣打杖头鼓风流在何处予拟答乡谚云雪落长江里依旧化作水何不落则雨却要是个底不知花神有知作何平章夜见梦云叟所谓黄连树下弹琴也 其三
93277,和张器先十绝·学成不必要心齐
231098,静江商宰书来且索鄙语要道其冰雪相看之意古
564136,襄阳为自古要地抚遗迹吊往事有怀七人焉因各赋诗一首 其七 张顺
149560,累夜读开经总要慨然思陈叔易寄予嵩阳读水经
537935,初入谒晋邸陈常侍要饮别墅作 其一
969745,天平方丈梅下见持要旧题
804548,要离墓
428439,胡汀鹭藏有纳兰容若、顾梁汾书扇二叶，因画贯华阁图，征题，寒厓要余同作三首 其一
71760,黄鹤洞中仙·都要奔波走
171787,虞美人·要津去去无由据
813112,箧中检得败纸一束，启视则游梁时留存之要牍也。感而赋此二首
972052,九日王越卿司法置酒要客始约登武安之塔为游人所先已过圆通晚更集于彦博之居越卿醉后作画其先大夫公亦能画云作诗二首 其一
1075260,王静翁言客有赋食虎肉诗者词甚壮要余同作
98536,送莫万·蚁浮犹腊要酥同
887119,答祖太博借山居要术
1050276,七月八日要阎公达承议晚酌二首 其二
859246,圣俞为狄梁公孙作诗要予同作
374247,寄徐师利·要明得丧非干我
33059,长安即事·拖紫腰金不要论
349126,邓端友临要阁
217856,四航·要识当时朱雀航
569424,挽李近樗士牧为余画三壁奇伟甚方欲要之别作而死矣惜之痛之遂成一律
949693,马要寺
1125772,谢君仪携酒要客慰唁愁寂二首
124757,杂兴·商君要术惟强国
1247978,吕山人将来游蜀山因赋诗以要之
693372,寄久要黎汝贤致政大尹二首
900491,八月既望要详刑护漕游水东早饭碧虚遍观栖霞程曾龙隐诸岩晚酌松关放舟过水月洞月色佳甚逼夜分乃归赋此纪游
564133,襄阳为自古要地抚遗迹吊往事有怀七人焉因各赋诗一首 其四 杜工部
92500,南华道中·骑吏欢呼不要嗔
744175,峡山寺用东坡和高要令韵
187162,说法尤高·严于治齿要如军
683416,舒司马要饮天妃宫后桥亭水月佳甚畅而有作
165208,佛说偈·后学要说禅
91285,不要对爱太认真
747755,友人为余述所闻见有可叹者要余赋诗事非一时故章无伦次义存讽谕庶几闻者足戒云尔 其四
980066,累夜读武经总要慨然思陈叔易寄予嵩阳读水经之句因用其韵作寄叔易此公相与倡和最多于此诗则每诵之 其二
255184,我要回来的
44892,为要寻一个明星
971009,从礼载酒要余及明叔游合普六首 其四
124892,悼祚禅师·击电传心要
540357,闻敬美使秦中要取道太和一晤 其一
192569,赠杨教授·读书要身荣
971010,从礼载酒要余及明叔游合普六首 其三
333912,予以王褒僮约授嗣行叟叟有书抵予并求跛奚移文且云要与僮约作伉俪以此诗戏之
319024,晚秋杂诗·颠危正要借筇枝
374178,寄予藏主·要成大树作阴凉
1050275,七月八日要阎公达承议晚酌二首 其一
209309,西湖·黑云妒日故要遮
1137406,己巳秋七月不雨人心焦然乃戊午斋宿致城隍清源渠渡龙君嶅山五神于州宅以祷始至雨洗尘自是间微雨辄随止旱气转深苗且就槁要神弗获某忧惧不知所出越癸亥日亭午率郡僚吏申祷于庭未移顷雨大挚旄稚呼舞皆曰神之赐也某既拜贶又明日以神归念无为神报者乃作送神之诗七章以侈神功且又以祈焉 其六
551287,分得要离冢送陈伯孺之姑苏
337753,送徐咨议·括要翁精训
523914,海棠烂然要诸君子赏之分韵得壶字二首 其二
94572,西园杏花·梅不嫌疏杏要繁
972308,卢谊伯宜之见过要斯远同赋以赠二首 其二
192805,丹山书堂·作室悬知要肯堂
946088,和沈帅持要张漕季长韵二首 其一
553175,三月四日会饮于方德贞氏以上巳寒食清明比合于两日间要予赋诗成二十韵
349127,临要阁·谁家多竹门可款
978481,张连鲁仲本蜀人从其先宦岭表仅五六十年矣为言广州城内有桧奇古甚土人相传自唐末至今往时东坡先生道惠宿留此州尝供佛其下得甘露缀枝之异予徵二事皆无所据而耆旧相传云尔要必有从来者张乞诗为赋长谣一篇
567165,旧作竹与某复要予再作答此
336767,书吟八题·黑甜有味要须尝
87892,石塘二林·塞北寒梅要笛催
87463,少日·少日关河要指呼
683361,初入谒晋邸陈常侍要饮别墅作
45004,不要问我那绿色是什么
327197,赠书工·平生欠要毛锥子
277241,秋兴·桐拂千寻凤要栖
618905,高要李簿招陈浔州七星岩宴集
209630,贵要之客来
570003,元驭阁老将北上要余于野次言别得二章 其一
922208,次韵高要令刘湜峡山寺见寄
973881,同陈严倪三君饭听琴于延真观严置酒要余至其家倪陈与焉酒未竟而使客至余亟引去明日作此
250464,惊蛰·久闻生气要春雷
232454,论语绝句·一诺要之不可轻
1059943,集经文为要诀
716078,经高要诸村墟作 其一
842401,苏州有僧名虚生者，以诗要结善男女充报馆访员，傥亦所谓善知识也，戏题四绝句以谑之 其四
672851,和顾东桥要游戏龙院暮归韵
196139,天平方丈梅下见持要旧题
782254,见要人
747754,友人为余述所闻见有可叹者要余赋诗事非一时故章无伦次义存讽谕庶几闻者足戒云尔 其三
95481,九日王越卿司法置酒要客始约登武安之塔为游
368136,还丹复命·识得阴阳要妙因
68322,桃源忆故人·五台月老通三要
157781,山扉·未要携家入远山
569843,张将军要余与沈令尹潘林曹三子骏儿同泛海时风日清美颇穷胜槩乐而赋之 其二
946089,和沈守持要观潮阁留题
537707,雨泊昆成遣信要仲蔚
29153,长歌行·要衣须破束
1001956,免解进士应致远过晋康见谓以上文字而忤权要听读藤州十馀年得旨自便赋诗赠行
96010,赠孙从之·吏事要及民
948235,刘韶美监丞以予发策玉堂小诗送笔墨云腹囊英物吐长虹翰墨区区有底功也要同盟作旗鼓三山直上一帆风走笔次韵时在雨中
257857,生存依靠技术，生活需要思想
1050565,白莲院观蔡君谟要师遗迹
177986,戏题·要见滁州谪宦情
1065054,南岳会禅师往京口省枯木老禅过余湘上夜语及前诗三绝要谒梦蝶老居士不觉有怀其人
1208125,郭茂才要饮舍下，忽报董中丞灵柩自上都至，出城迎之，遂负此约，戏题奉谢
528715,吾郡古要害地也闲居兴怀追咏古迹作诗八首 其二
581943,寄久要乡人晦峰
925663,水龙吟 其二 寄题京口范南伯家文官花。花先白次缘、次绯、次紫、唐会要载学士院有之
326054,彦和善谈性理子文继成偈句见要属和谨次韵
569890,奉要太宰袁公抑之过天界寺上人房时大司寇陆公与绳后至谈燕梅花古松下作
904204,张元览追和东坡咏梅要予同赋
242646,树影·莫要随风上下狂
325088,箧中检得败纸一束，启视则游梁时留存之要牍也。感而赋此
151044,居室·居室要须存野意
21570,濯缨溪·旧山宁要去
946104,和郡守沈持要赏柑之什三首 其一
120803,石湖·杏羞桃涩要诗催
1137569,己巳秋七月不雨人心焦然乃戊午斋宿致城隍清源渠渡龙君嶅山五神于州宅以祷始至雨洗尘自是间微雨辄随止旱气转深苗且就槁要神弗获某忧惧不知所出越癸亥日亭午率郡僚吏申祷于庭未移顷雨大挚旄稚呼舞皆曰神之赐也某既拜贶又明日以神归念无为神报者乃作送神之诗七章以侈神功且又以祈焉 其五
209799,仁老画梅·玄牝要饱知
267185,永远不要去触及那忘却的黑暗
942238,静江商宰书来且索鄙语要道其冰雪相看之意古调代书
83121,闲中富贵·要信人生各有缘
1086669,次韵景思谢送四时纂要并惠乳泉且许见顾 其三
96867,立春·腊中要雪逢三白
573316,驾幸石景山临观浑河，见水势汹涌，因念黄河时有冲决，面谕辅臣，经理须要得人，复命作诗恭记
188264,水调歌头·要做神仙去
92893,梅诗十绝句·要与梅花巧斗新
33488,山中·要路豪家非往还
91294,不是你的东西不要拿
839990,要塞司令谢洁群先生慕韩四旬华诞，诗以祝之八首 其六
987363,要君
826910,金缕曲·樊山彩云曲传诵一时，仆曩亦尝见其人。一昔入梦求诗，诿以樊山在前，仆当阁笔。乃请为词，要必诺，乃去。旦而异焉，为拈此解，不敢以长公梦盼盼比也
168618,简求心要书绅辞
190227,九支池·际天州县出要荒
537960,大梁王君用章既去昆山为客部副郎邑人俞仲蔚集古语为八咏饯行要余与家弟和之各得四首毋论其辞之当与否而感德怀贤要自不异也 其四 轩盖照墟落
537960,大梁王君用章既去昆山为客部副郎邑人俞仲蔚集古语为八咏饯行要余与家弟和之各得四首毋论其辞之当与否而感德怀贤要自不异也 其四 轩盖照墟落
70014,齐天乐·做修行要知捷迳
255534,无题-不要踏着露水
197423,八桧图·客有要我八桧吟
54636,咏怀·两仪立枢要
1065103,奉要胜轩居实居士三首 其一
689214,吾郡古要害地也闲居兴怀追咏古迹作诗八首
196699,晚步·闭门自要身心敛
367846,和元直·畴昔相要学娄空
858123,永庆院送道原还仪真作诗要之
1137568,己巳秋七月不雨人心焦然乃戊午斋宿致城隍清源渠渡龙君嶅山五神于州宅以祷始至雨洗尘自是间微雨辄随止旱气转深苗且就槁要神弗获某忧惧不知所出越癸亥日亭午率郡僚吏申祷于庭未移顷雨大挚旄稚呼舞皆曰神之赐也某既拜贶又明日以神归念无为神报者乃作送神之诗七章以侈神功且又以祈焉 其二
1093567,黄仁卿见过留之而无酒因要宋衡携酒以至得以款语已又酌仁卿携行之茶成四十字
115196,寄刘泗州·万马千艘要路津
1028053,次韵蒋德要三径
1120682,九江王兴道早岁休官作易安奚疑二室要余作诗
246939,砚边杂言·泛题要窄写
355792,丁巳九日携酒要叔问登通道门楼而江彦文寄玉友适至因用己未岁吴下九日诗韵作
1031421,漳州白莲僧宗要见遗纸扇每扇各书一首 其十
1120040,和沈帅持要张漕季长韵二首
946087,和沈帅持要张漕季长韵二首 其二
1236025,东坡书蔡君谟梦中绝句二放营妓绝句三虞伯生题四绝于后真迹藏义兴王子明家要予次韵凡九首
528716,吾郡古要害地也闲居兴怀追咏古迹作诗八首 其三
385477,次韵写怀·多才久要钱文学
368149,还丹复命·守一坛中要
691722,海棠烂然要诸君子赏之分韵得壶字二首
104047,海棠·要识吴同蜀
362232,勉子读书·男儿立志要崚嶒
294230,梅花·清吹要碧玉
566907,今来自岭海者云扶桑花也予昔所见殊不类是殆大苏所咏涓涓泣露紫含笑焰焰烧空红拂桑耳花家剪双头见寄始觉首四作之误乘酒漫成六首以赎差错插砚水瓶嫣然有笑语意岂亦怜老人之衰眊耶复取馀沥浇之当缠头耳滇蜀村歌云披蓑衣打杖头鼓风流在何处予拟答乡谚云雪落长江里依旧化作水何不落则雨却要是个底不知花神有知作何平章夜见梦云叟所谓黄连树下弹琴也 其六
967291,清商怨三首 其三 要销凝
948576,华文阁学士沈持要挽词 其二
29450,绵山·亲在要君召不来
716081,经高要诸村墟作 其四
567368,秋日王衢州公要往秦望同言马两乡荐宿广孝寺明日雨辄归连旬作炎世界如焚即不雨恐亦不能抵颠也因呈
362442,蒲中次韵·要作哦诗伴
1142807,钱秀才要社日呈汉宰诗书以予之钱以长句为谢饶秀才又用社日韵作诗见投因用韵并答二君
1144237,己巳秋七月不雨人心焦然乃戊午斋宿致城隍清源渠渡龙君嶅山五神于州宅以祷始至雨洗尘自是间微雨辄随止旱气转深苗且就槁要神弗获某忧惧不知所出越癸亥日亭午率郡僚吏申祷于庭未移顷雨大挚旄稚呼舞皆曰神之赐也某既拜贶又明日以神归念无为神报者乃作送神之诗七章以侈神功且又以祈焉
365002,杂事诗·握要钩元算不差
261311,要我羡慕一朵花是困难的
92340,闲世界·要寻闲世界
587102,读书知要
87038,绝句韵·痛懲毒螫要持平
161335,新繁县法要院孙太古壁画罗汉
191846,和沈守持要题谢公楼额
375010,拟寒山寺·人人要便宜
971007,从礼载酒要余及明叔游合普六首 其六
524172,辛巳九日田子要东陂之游雨弗克赴三首 其一
241275,审势·他若无情休要鬭
96913,从礼载酒要余及明叔游合普
1210275,东坡书蔡君谟梦中绝句二放营妓绝句三虞伯生题四绝于后真迹藏义兴王子明家要予次韵凡九首 其三
203417,贺赵丞登第·要与宗盟立纪纲
1119841,端友和临要阁诗再次韵五首
70435,木兰花慢·要新声陶写
95201,邂逅徐应卿于都下要之同归不可索诗因作
839991,要塞司令谢洁群先生慕韩四旬华诞，诗以祝之八首 其七
714559,读陈岩野先生政要
187697,四诗韵·忠谋衮衮要须殚
202453,挽词·要路多知己
139823,永嘉要君谊父得英石名其室曰矸斋予易以介室
170312,积雨写怀·一片真线要反观
375175,红叶·要与松筠共岁寒
830293,检得左海先生致先尚书公手札五通所言皆桑梓要务叠前韵呈谢丈
319460,咏菊·食贫只要一心安
212218,将赴高要官守书怀
524173,辛巳九日田子要东陂之游雨弗克赴三首 其二
216360,圣俞为狄梁公孙作诗要予同作
537033,郡丞刘公子仁以直道由谏垣外补量移吴郡署后高斋黄菊翼之颜曰晚香亭诸生莫叔明要余作歌
379093,送珠上人重修五宗语要
216531,纯甫出释惠崇画要予作诗
522269,东园与用常子南饮用常出口令曰新正乐事要予赋诗
255002,丑石说：不要那么晃
92898,梅诗十绝句·淡淡梅花不要装
1050608,南雄望远亭本朝章郇公所作公尝为郡太守种荔子二株今方茂实而后人所种皆不成东美要予致酒亭上为赋四韵
969813,仲弟借书持要不谨护有损为之覆背葺还
325652,山居张湛虚司马枉驾山人以予壶餐不备为展待因要遂臣先辈
342053,次韵景思谢送四时纂要并惠乳泉且许见顾
972051,九日王越卿司法置酒要客始约登武安之塔为游人所先已过圆通晚更集于彦博之居越卿醉后作画其先大夫公亦能画云作诗二首 其二
130766,梅花·是则看花要及时
208796,读子美·问学要根柢
1081361,端友和临要阁诗再次韵五首 其五
713155,送李宁桓司训高要
112671,题棺木·久久终须要
275134,咏史·要害年来略丧亡
70707,长思仙·出家人要求真
250447,悔诗·图南自要禦扶摇
721922,经高要诸村墟作
1031130,漳州白莲僧宗要见遗纸扇每扇各书一首 其三
1031133,漳州白莲僧宗要见遗纸扇每扇各书一首 其二
19288,闲卧有所思·权门要路是身灾
260948,本地现实：必要的虚构
135317,半月轩·莫要作圆月
566187,太宗伯霍公渭先邸署见古楼宴集纵谈古今治国要理纪述一首
956625,秋老四境雨已沛然晚坐筹边楼方议祈晴楼下忽有东界农民数十人诉山田却要雨须长吏致祷感之作诗
971836,梅花绝句五首要明叔仲威同作 其一
224996,西江月·若要真铅留汞
225663,游山·人生要在行乐耳
1079285,张子华屡为唱篇有诗要予为首唱次韵谢之二首 其二
91457,我就要沉默了
42473,读贞观政要
1081357,端友和临要阁诗再次韵五首 其一
1249134,赵子期尚书于省幕创轩曰小瀛洲题诗要余与明德同赋
304287,清浅·强要青帝占年芳
570583,折简要家驭提学同长公学士看地棠花
839989,要塞司令谢洁群先生慕韩四旬华诞，诗以祝之八首 其五
374351,贪·学道先须不要贪
191875,作南塘记郡守沈持要以诗来谢次韵奉酬
946090,和沈守持要题谢公楼额
732082,山居张湛虚司马枉驾山人以予壶餐不备为展待因要遂臣先辈 其一
1031134,漳州白莲僧宗要见遗纸扇每扇各书一首 其四
162663,长相思·要相忘
176795,留江城·要识閒栖彼此轻
372468,挽辞·要剧更中外
89920,徐潭即事·不要元戎访草堂
225091,绝句·调和铅汞要成丹
209622,探梅·要识梅孤绝
1050410,雨中喜君仪要温老希圣同见过二首 其一
316032,四绝原韵·黄山要隘阻奔鲸
288782,减字木兰花·再咏倒挂鸟，要心畬作画
260001,还需要什么赐福
564132,襄阳为自古要地抚遗迹吊往事有怀七人焉因各赋诗一首 其三 羊太傅
111399,颂古·杈下要分生死路
564134,襄阳为自古要地抚遗迹吊往事有怀七人焉因各赋诗一首 其五 李翰林
229877,题余尚书山居要术
848382,简求心要书绅辞
168007,卜算子·只管要参禅
348291,谢君仪携酒要客慰唁愁寂
231224,望晓·要知筋力衰多少
156712,西江月·要识真铅真汞
747752,友人为余述所闻见有可叹者要余赋诗事非一时故章无伦次义存讽谕庶几闻者足戒云尔 其一
116046,昼卧口占·学道穷年要有得
374423,拟寒山寺·买肉须要肥
232383,论语绝句·闻达要之不必分
118467,山房即事·忘身先要解忘名
87469,上十四吟·养生之说要形劳
1078349,申伯和篇举叔易自代叔诗复推申伯要之二子皆当由此科取重名于世恨吾资妄高不得偕二子鸣跃其间复次前韵以兼勉之
1001602,余出疏语示陈伯英伯英勉予读传灯录诸书因用罗子琳韵挑伯英要看一转语
221439,感兴诗·至理要一切
139661,水调歌头·世界要扶助
1048664,锁院深寂夭桃独芳有可怜之色为诗要德夫共赋以赏之
973183,莫万安要平题知津阁
973537,臧正卿示旧所唱酬秋字韵诗轴要季承同用韵赠之
537957,大梁王君用章既去昆山为客部副郎邑人俞仲蔚集古语为八咏饯行要余与家弟和之各得四首毋论其辞之当与否而感德怀贤要自不异也 其一 威凤栖梧桐
537957,大梁王君用章既去昆山为客部副郎邑人俞仲蔚集古语为八咏饯行要余与家弟和之各得四首毋论其辞之当与否而感德怀贤要自不异也 其一 威凤栖梧桐
97079,庐山记偶成·要为冷语豁心胸
87821,哭孙季蕃·每岁莺花要主盟
70199,玉花洞·要知端的
97083,冬日杂兴·要识丰年象
948575,华文阁学士沈持要挽词 其一
747753,友人为余述所闻见有可叹者要余赋诗事非一时故章无伦次义存讽谕庶几闻者足戒云尔 其二
1092756,寄题熊氏得要亭
71568,太常引·道人活计要清虚
1088667,十月上休日游卧龙玉渊三峡用山谷惊鹿须要野学盟鸥本愿秋江分韵得鸥字
114123,颐轩诗·枢机要发迟
171236,亲旧问盗作诗四十韵以答之说要备野史之录
257728,夜半的时候我就要离去
716080,经高要诸村墟作 其三
1238781,要离冢
223775,和峤·要以礼法论
115357,六言·青春要去便去
1169258,逾岭峤止荒陬抵高要
424401,惜红衣·和白石，要璇父、帅南同作
92681,江雨·雨里油窗莫要关
1137408,己巳秋七月不雨人心焦然乃戊午斋宿致城隍清源渠渡龙君嶅山五神于州宅以祷始至雨洗尘自是间微雨辄随止旱气转深苗且就槁要神弗获某忧惧不知所出越癸亥日亭午率郡僚吏申祷于庭未移顷雨大挚旄稚呼舞皆曰神之赐也某既拜贶又明日以神归念无为神报者乃作送神之诗七章以侈神功且又以祈焉 其一
1065107,读禅要法
606805,王百谷为余序谈诗类要赋此寄谢
661395,贺其荣病京师吴原博舁归第中而卒为之殓殡其荣父作感义诗谢之要予同赋
165381,水调歌头·要蹑天仙步
258447,我要用一种诗歌的方式
581973,寄久要黎汝贤致政大尹二首 其二
114342,子瞻题狄引进雪林石屏要同作
1081355,邓端友临要阁五首 其四
374490,瞋·学道先须不要瞋
1124036,从礼载酒要余及明叔游合普六首
84705,感旧·要识梁州远
1119840,邓端友临要阁五首
964522,题余尚书山居要术
716082,经高要诸村墟作 其五
72078,满江红·怪底春风要将我
72021,玉炉三涧雪·欲要超离苦海
34302,题魏坛·不遇至真传道要
283504,月下笛·倬盦要同赋龙笛，云是清太庙乐，谱清真
245477,无题·要问女人有几何
186434,八月既望要详刑护漕游水东早饭碧虚遍观霞程
365130,送次中·肯与衰颓论久要
163351,一冬无雪和际放翁梅诗陆句豪夸余清苦要自不
40505,采菱歌·要艳双屿里
273181,醉歌赠·抑塞要将性命通
73276,水调歌头·学佛学仙要
1050085,蒋颖叔要予同赋平云阁
236685,要尝雪月并明时
365584,山歌·人人要结后生缘
101891,昌州·昌国古要区
68242,苏幕遮·赠李哥缘再要出家
472778,侠香亭是要离专诸梁鸿葬处为周公瑕赋
364844,安济桥·拥翠拖青得要津
347821,挽兖守·交游敦久要
166626,道中晚步·层要叠巘暗东西
1081352,邓端友临要阁五首 其一
376908,送化主·不依本分要参禅
216670,有感·官家的的要宽征
165361,陈解元·兀坐书要自切磋
216878,自解·人生何苦要多才
45322,只要再克制一下
349224,临要阁·繁枝盖地欲成幄
357055,论文·花要多培叶要删
357055,论文·花要多培叶要删
260955,不要惊动那发愣的人
971008,从礼载酒要余及明叔游合普六首 其五
839992,要塞司令谢洁群先生慕韩四旬华诞，诗以祝之八首 其八
181454,醉歌·北师要讨撒花银
433704,胡汀鹭藏有纳兰容若、顾梁汾书扇二叶，因画贯华阁图，征题，寒厓要余同作三首
110956,偈·要去不得去
257885,关于此间的海和鱼群新形势调查报告撮要
284878,要塞司令谢洁群先生慕韩四旬华诞，诗以祝之
335195,次韵院中·要知春色到池塘
257629,我要你代替谁吗
192158,虚盛意·前时赤旱要刑鹅
813215,山居张湛虚司马枉驾山人以予壶餐不备为展待因要遂臣先辈
1016921,答僧问心要作偈
1081358,端友和临要阁诗再次韵五首 其二
859519,要望之过我庐
564130,襄阳为自古要地抚遗迹吊往事有怀七人焉因各赋诗一首 其一 诸葛武侯
1064406,送珠上人重修五宗语要
170654,要汤·畎亩一身尧舜乐
813838,友人为余述所闻见有可叹者要余赋诗事非一时故章无伦次义存讽谕庶几闻者足戒云尔
232324,论语绝句·要之恐惧常修省
569855,沈同守过我山园要常广文陆太学共集颇极登泛之乐沈以四咏见贻仅酬其二 其一
94301,读正观政要
1083679,游西湖分韵得要字
145504,天乐歌·鸟乐在深要
70802,洞天春·道要仙机
337923,书窗韵·有馀宁要厥闻驰
191825,赠石时亨·要是同根本
113350,别蒋颖叔·金城千里要人豪
94845,新晴西园散步·厌见山居要出来
842399,苏州有僧名虚生者，以诗要结善男女充报馆访员，傥亦所谓善知识也，戏题四绝句以谑之 其二
839985,要塞司令谢洁群先生慕韩四旬华诞，诗以祝之八首 其一
429801,蛰云表兄避地侍养近寄书云为加沙一集皆栩园唱酬之作病山苍虬诒重及韬庵太夷二老率有和章要余次韵
1031136,漳州白莲僧宗要见遗纸扇每扇各书一首 其六
164424,华明堂·要识披图际
68062,巫山一段云·休要呼师叔
1123068,挽端州黄大用大用喜读书有志行数过予讲讨虽未诣宗本要自佳士可尚也心为形役遂以病死作二诗哭之
185932,回文偈·解垂要理真
241355,淡青·淡青生来牙要红
335993,有怀其人·子宦高要去
174459,春阴·膏泽乘时要发生
537958,大梁王君用章既去昆山为客部副郎邑人俞仲蔚集古语为八咏饯行要余与家弟和之各得四首毋论其辞之当与否而感德怀贤要自不异也 其二 桂楫汎河中
537958,大梁王君用章既去昆山为客部副郎邑人俞仲蔚集古语为八咏饯行要余与家弟和之各得四首毋论其辞之当与否而感德怀贤要自不异也 其二 桂楫汎河中
108779,咏茶·要及新香碾一杯
1200733,吴志道即居左凿池，池中立石假山，高丈馀，络以翠萝，环以清流，旁创小亭，为游息之所。肩吾陈子扁之曰咫尺蓬莱，作歌要余同赋，因次其韵云：
980466,邓圣求作端明时尝赠予诗云妙论出六合微言破九流其言虽过矣要是前辈中有相知者逮今将三十年奔走鄜州诸邑察视保甲感旧作长句
152417,华文阁学士沈持要挽词
839988,要塞司令谢洁群先生慕韩四旬华诞，诗以祝之八首 其四
1120037,和郡守沈持要赏柑之什三首
1208153,太朴缄至君静清诗，读之慰快。斯文凋敝之余，安得见此杰然者？敬叹敬叹。一诗寄谢并简君瑞，要知于二贤倾倒之至也
345047,锁院深寂夭桃独芳有可怜之色为诗要德夫共赋以赏之
946276,作南塘记郡守沈持要以诗来谢次韵奉酬
69250,览古·要离爇妻子
150907,遇雪·艰难要经历
1081958,某蒙学士兄相要陪赏芍药花多白者月色相射光彩映发殆玉盘盂之苗裔耶维心有诗辄次其韵
97177,归途·招要非故约
141801,小重山·要识长生辈赤松
1074829,忻师开小轩秋霜之侧范龙阁名以绝尘要予作诗
257852,最重要的还是一片叶子
216150,要望之过我庐
1240782,二月十二日玉山人买百花船泊山塘桥下呼琼花翠屏二姬招予与张渥叔厚于立彦成游虎阜俄而雪霰交作未果此行先以此诗写寄就要诸公各和
428440,胡汀鹭藏有纳兰容若、顾梁汾书扇二叶，因画贯华阁图，征题，寒厓要余同作三首 其二
98653,舍人·要识公兄弟
424466,减字木兰花·再咏倒挂鸟，要心畬作画
288655,惜红衣·和白石，要璇父、帅南同作
473760,春日花前听李节筝歌作张王屋黄质山每夸余以歌馆之乐书此贻之并要和篇戏呈紫岗兄
1064441,禅首座自海公化去见故旧未尝忘追想悼叹之情季真游北游大梁闻其病忧得书辄喜为人重乡义久要不忘湘西时访史资深亦或见寻此外闭门高卧耳宣和二年三月日风雨有怀其人戏书寄之
564135,襄阳为自古要地抚遗迹吊往事有怀七人焉因各赋诗一首 其六 孟浩然
348264,要客·要客来何晚
348264,要客·要客来何晚
335234,某蒙学士兄相要陪赏芍药花多白者月色相射光彩映发殆玉盘盂之苗裔耶维心有诗辄次其韵
348810,白莲院观蔡君谟要师遗迹
195037,次韵答琳老·云水肝肠要扫除
428441,胡汀鹭藏有纳兰容若、顾梁汾书扇二叶，因画贯华阁图，征题，寒厓要余同作三首 其三
467168,孟秋毗陵之什 其二 江阴要塞眺归登远望六号顷见阖营出接五号舰返航次韵昆阳子
230718,祛惑·遇与夜光不肯要
192260,九日·痴儿索钱要沽酒
427843,清平乐二首·往闻沈尹默丈云，苏联艾德林教授译白居易诗，既风行被土，复从事陶潜诗之移译，心仪其人久矣。顷诵夏瞿禅兄赠彼二词，悠然神往，爰次原韵示瞿禅托为转致艾君。文化交流，要当著眼于此尔 其一
834602,月下笛 倬盦要同赋龙笛，云是清太庙乐，谱清真
113255,卜算子·要见不得见
831167,绕佛阁 北征将发，中实、叔由以连句词来，要余往湘真馆，不获改辙，谢之以词。同清真韵
980650,累夜读武经总要慨然思陈叔易寄予嵩阳读水经之句因用其韵作寄叔易此公相与倡和最多于此诗则每诵之 其一
186171,缘识·法要唯心法
195017,生日·要作人间浩荡春
344544,要离冢·鬼火秋坟百草荒
971838,梅花绝句五首要明叔仲威同作 其三
993509,新繁县法要院孙太古壁画罗汉
427814,临江仙 中央音乐学院民族音乐研究所副所长杨荫浏同志先后以敦煌唐乐谱及西安何家营鼓乐社、北京智化寺所传宋元旧谱见寄，其字谱多与白石道人歌曲相合，沈埋数百年之词乐，行将重显于世，绵此坠绪，推陈出新，诗人与乐家分工合作，以民族形式结合社会主义思想，创作新体歌词，以应广大人民之需要，此其时矣。赋谢荫浏，兼简叶遐庵
295708,赠吴彦复·吾道要为天下裂
1210277,东坡书蔡君谟梦中绝句二放营妓绝句三虞伯生题四绝于后真迹藏义兴王子明家要予次韵凡九首 其五
216123,永庆院送道原还仪真作诗要之
69911,行香子·要饮香津
1050411,雨中喜君仪要温老希圣同见过二首 其二
79261,杂感·磨镜要使明
407892,时宣统二年，道沪上，遇同乡宋君赓平，自云善剑术，著有《剑法学要》，索人题跋，且以其为霆军下将，抑郁不自得，常奔走风尘以结交名士大夫，故作此篇长歌以赠之
732084,山居张湛虚司马枉驾山人以予壶餐不备为展待因要遂臣先辈 其三
69578,要离家·金昌亭下路
560092,油扇父亲要诗
994772,将赴高要官守书怀
859390,纯甫出释惠崇画要予作诗
184262,上史魏公寿·中兴大业要规模
203214,白莲僧宗·老去将携只要轻
227401,答祖太博借山居要术
232926,戊辰感事·久要和平福
950934,王文定省中要津二帖赞
20635,逾岭峤止荒陬抵高要
472110,同阎开府浮檀鹿职方乾岳沈职方彦威杜武库培亭孙司厅初阳袁山石自如刘关内如纶万广宁同予洎三大将军马沧渊王敬之尤定宇出宁远眺首山诸雄要马上用程幕韵
683574,张将军要余与沈令尹潘林曹三子骏儿同泛海时风日清美颇穷胜槩乐而赋之
374352,痴·学道先须不要痴
569842,张将军要余与沈令尹潘林曹三子骏儿同泛海时风日清美颇穷胜槩乐而赋之 其一
368143,还丹复命·东西南北要精通
748288,舟中即事和黄琴山自高要邮寄韵
60934,夏日要王子饮双松道院
617742,门人袁高要若思
215531,风琴·风来风去岂尝要
854538,以诗句咏梅 要尝雪月并明时
49723,白丈自杭州归要游天池
46584,要离墓
97561,同陈严倪三君饭听琴于延真观严置酒要余至其
191808,诗怀·澶渊竟要盟
84914,读史·男子胸中正要奇
588013,近日见此德之所以不进者只是此心原不洁静故欲来染之是以未得清明潇洒之乐因思程子云凡有意向皆是欲欲心甚惕然每念平时作诗文著述欲自见之于世周理人事欲得而不失者皆是欲也方欲打点搜出一洗而空之而伦樾溪适柬至云昨梦有司为子起牌坊先拟行道二字为扁仆不可乃以无欲扁之噫岂天意有造于予乎哉夫无欲之义周子为以学圣之要而程子又发明之可谓尽矣吾人循此自立乃圣贤之正脉路也因作诗以答于樾溪复以自警云
839942,赠要塞司令杨春圃先生允华七古一章
186184,逍遥咏·要知逆顺莫相非
1081354,邓端友临要阁五首 其三
240412,陈镇江生辰·力致功名上要途
538641,张善甫罢归为酒要之
475097,夏日要王子饮双松道院
1124220,九日王越卿司法置酒要客始约登武安之塔为游人所先已过圆通晚更集于彦博之居越卿醉后作画其先大夫公亦能画云作诗二首
124878,读史·顺谀要领绝
94649,玉照堂·老嬾狂吟不要工
158009,书感·择己要有持
249021,赠刘佐诗·要言将谁苦
1032359,饭石壁下逢僧附船还叫岩寺明石山如平台曰赭亭山也僧至岩下饮要余同游舟已去矣
337700,得郡后·语戆情知忤要人
1079284,张子华屡为唱篇有诗要予为首唱次韵谢之二首 其一
119038,山村五绝·贫贱终身未要羞
202839,漫述·逢人休要说公卿
164000,一高亭·水仙要我小迟留
182461,游春五绝·虚斋要使暑天寒
1091469,游元著作江天莫雪图赠朱元礼要余赋
257469,北京的树木就要绿了
374968,拟寒山寺·守口要如瓶
108299,闻谤·修身可用要人知
243249,风恶偶成·三日要行还止住
152902,黄生曲·要知两侬心
75446,绣停针·道难说要悟般般
644976,病起赴部逆瑾啖以美要赂不得矫制免官
821756,南柯子 梅雨甚苦，偶读王从叔不晓天，天何意，要梅肥之句。为之失笑，因和一首
966112,挽端州黄大用大用喜读书有志行数过予讲讨虽未诣宗本要自佳士可尚也心为形役遂以病死作二诗哭之 其二
108227,听航船歌·十千债要廿千偿
661606,淩天羽要游临平湖之读书堆呈在席诸君子
1131875,漳州白莲僧宗要见遗纸扇每扇各书一首
28456,蔬食·孔融不要留残脍
731093,览贞观政要
371966,过冠秋·来年要作冠秋诗
1210274,东坡书蔡君谟梦中绝句二放营妓绝句三虞伯生题四绝于后真迹藏义兴王子明家要予次韵凡九首 其二
71702,长思仙·金要多银要多
71702,长思仙·金要多银要多
245592,东山·若有人兮山要
431617,清平乐二首·往闻沈尹默丈云，苏联艾德林教授译白居易诗，既风行被土，复从事陶潜诗之移译，心仪其人久矣。顷诵夏瞿禅兄赠彼二词，悠然神往，爰次原韵示瞿禅托为转致艾君。文化交流，要当著眼于此尔
336549,九江王兴道早岁休官作易安奚疑二室要余作诗
261229,需要一些黑暗
287070,陈孟孚·简要清通誉望郎
142230,为韵·鼠腊要非玉
1125184,累夜读武经总要慨然思陈叔易寄予嵩阳读水经之句因用其韵作寄叔易此公相与倡和最多于此诗则每诵之
243387,马要寺·水国何年寺
29314,依韵修睦上人山居·三十年来要自观
102522,次韵高要令刘湜峡山寺见寄
441856,居于山间，碾米要肩挑至邻乡，抄小路尚须八、九里
255312,花想要的自由
974459,潘元寿以九月十一日行莫令君领客携具泛舟饯之蕃用九日韵作诗要莫及徐丞同赋以送潘
572014,黄平倩至玉泉以书见要倍道趋之马上感旧有作
119110,再和·养生尤复要功圆
304130,湖上杂诗·愿随李广近要离
1137405,己巳秋七月不雨人心焦然乃戊午斋宿致城隍清源渠渡龙君嶅山五神于州宅以祷始至雨洗尘自是间微雨辄随止旱气转深苗且就槁要神弗获某忧惧不知所出越癸亥日亭午率郡僚吏申祷于庭未移顷雨大挚旄稚呼舞皆曰神之赐也某既拜贶又明日以神归念无为神报者乃作送神之诗七章以侈神功且又以祈焉 其七
1031135,漳州白莲僧宗要见遗纸扇每扇各书一首 其九
374390,送印禅者·要如璞玉深藏器
349128,临要阁·甘苦元从舌上知
369585,诗云·逢年要力耕
293530,小游仙·托根端要傍瑶台
336464,忻师开小轩秋霜之侧范龙阁名以绝尘要予作诗
1086668,次韵景思谢送四时纂要并惠乳泉且许见顾 其二
966281,挽端州黄大用大用喜读书有志行数过予讲讨虽未诣宗本要自佳士可尚也心为形役遂以病死作二诗哭之 其一
367029,钱秀才要社日呈汉宰诗书以予之钱以长句
683803,闻敬美使秦中要取道太和一晤
274290,南柯子·梅雨甚苦，偶读王从叔不晓天，天何意，要梅肥之句
108743,题醒心轩·尽日竹风谈法要
1050413,谢君仪携酒要客慰唁愁寂二首 其二
570004,元驭阁老将北上要余于野次言别得二章 其二
683558,子厚第三书孤愤之怀极矣男子要自有出世事毋论浮荣即不朽亦第二义也赋此广之
71402,江城子·真常应物要方圆
375840,示僧·相逢便要求禅钞
241250,其三择撁·撁头要长捍要直
241250,其三择撁·撁头要长捍要直
1063796,予顷还自海外夏均父以襄阳别业见要使居之后六年均父谪祁阳酒官余自长沙往谢之夜语感而作
191711,和郡守沈持要赏柑之什
371346,元要以半屋名来索句
74644,临江仙·学道要明心地印
341435,要园亭·草阁朝延旭
1068174,予以王褒僮约授嗣行叟叟有书抵予并求跛奚移文且云要与僮约作伉俪以此诗戏之
1140150,孟子 要汤
974378,梅花绝句五首要明叔仲威同作 其五
539069,要刘子真光禄出会
225550,纪德·结交要在相知耳
842398,苏州有僧名虚生者，以诗要结善男女充报馆访员，傥亦所谓善知识也，戏题四绝句以谑之 其一
240652,惜分飞·要眇新声生宝柱
317584,莱园杂咏·江山要得才人助
146312,怀中甫·久要何落落
192162,挽何与时·留滞周南隔要津
351522,张子华屡为唱篇有诗要予为首唱次韵谢之
698875,今来自岭海者云扶桑花也予昔所见殊不类是殆大苏所咏涓涓泣露紫含笑焰焰烧空红拂桑耳花家剪双头见寄始觉首四作之误乘酒漫成六首以赎差错插砚水瓶嫣然有笑语意岂亦怜老人之衰眊耶复取馀沥浇之当缠头耳滇蜀村歌云披蓑衣打杖头鼓风流在何处予拟答乡谚云雪落长江里依旧化作水何不落则雨却要是个底不知花神有知作何平章夜见梦云叟所谓黄连树下弹琴也
355752,赋月壶韵·观心要与月同明
165365,水调歌头·要识刀圭诀
241308,论真紫色·紫者须当要色浓
322463,岳祠铜爵·官家不要复提封
1031420,漳州白莲僧宗要见遗纸扇每扇各书一首 其一
68025,长思仙·功要圆行要圆
68025,长思仙·功要圆行要圆
528717,吾郡古要害地也闲居兴怀追咏古迹作诗八首 其四
749476,攻克彭泽夺回小姑山要隘
351496,伯恭要赋芗林
1081359,端友和临要阁诗再次韵五首 其三
348737,寒食元舆见要南楼把酒
258807,卓锡泉·大士传心要
127458,杂诗·春雨要如膏
69841,西江月·人要修行猛做
191644,和沈守持要观潮阁留题
566902,今来自岭海者云扶桑花也予昔所见殊不类是殆大苏所咏涓涓泣露紫含笑焰焰烧空红拂桑耳花家剪双头见寄始觉首四作之误乘酒漫成六首以赎差错插砚水瓶嫣然有笑语意岂亦怜老人之衰眊耶复取馀沥浇之当缠头耳滇蜀村歌云披蓑衣打杖头鼓风流在何处予拟答乡谚云雪落长江里依旧化作水何不落则雨却要是个底不知花神有知作何平章夜见梦云叟所谓黄连树下弹琴也 其一
1086667,次韵景思谢送四时纂要并惠乳泉且许见顾 其一
81277,纪怀·未斸要离冢畔云
98116,莫万安要平题知津阁
918726,谋创领要亭
683577,沈同守过我山园要常广文陆太学共集颇极登泛之乐沈以四咏见贻仅酬其二
536714,遣信要徐汀州入计不值声问久空言此志慨
904159,士贵要予赋水轮因广之幸率介卿同作兼呈郭宰
301734,画扇·一林秋色要平分
1123705,卢谊伯宜之见过要斯远同赋以赠二首
43856,民歌·人人要结后生缘
1094073,次韵元要陪仓使张园
320435,种花口号·幽居装景要多般
381948,送菊·今朝无事要花开
33014,溪上要一只白簟扇盖头垂钓去年就节推
81848,衰病·衰病龙锺已要扶
186270,缘识·修持须是要精专
388240,雨泊昆成遣信要仲蔚
845010,苏州有僧名虚生者，以诗要结善男女充报馆访员，傥亦所谓善知识也，戏题四绝句以谑之
86854,答括士李同·忆昔骎骎逼要津
484615,要离墓
78873,即事·多事车前要八驺
68121,两只雁儿·一更里要精专
12733,赠人·金炉烟里要班头
262096,要求
280444,警世·把了千钱要万钱
949937,南柯子/南歌子 其一 方钱唐出侍儿，范谢州要予作此词
95909,臧正卿示旧所唱酬秋字韵诗轴要季承同用韵赠
100861,五绝·食罢茶瓯未要深
281257,学书·合势分锋要适宜
148633,免解进士应致远过晋康见谓以上文字而忤权要
97981,书怀·要令多病也身轻
1095204,元要以半屋名来索句
79348,杂兴·炷香火要深
140416,赋水蕉·诗卷寻常要往回
1050357,要客
1079299,伯恭要赋芗林
1132540,郑下赵光道与余有十五年家世之旧守官代郡之崞县闻余以使事羁留平城与诸公相从皆一时英彦遂以应举自免去驾短辕下泽车驱一僮二驴扶病以来相聚凡旬日而归昔白乐天与元微之偶相遇于夷陵峡口既而作诗叙别虽憔悴哀伤感念存没至叹泣不能自已而终篇之意盖亦自开慰况吾辈今日可无片言以识一时之事邪因各题数句而余为之叙夜将半各有酒所语不复锻鍊要之皆肺腑中流出也
352804,濠上·观鱼要水清
842400,苏州有僧名虚生者，以诗要结善男女充报馆访员，傥亦所谓善知识也，戏题四绝句以谑之 其三
687533,襄阳为自古要地抚遗迹吊往事有怀七人焉因各赋诗一首 诸葛武侯
33962,王后·连环要解解非难
691734,辛巳九日田子要东陂之游雨弗克赴三首
1065105,奉要胜轩居实居士三首 其三
716079,经高要诸村墟作 其二
146309,怀友人·久要何落落
581972,寄久要黎汝贤致政大尹二首 其一
248606,我要过的端午
790812,箧中检得败纸一束，启视则游梁时留存之要牍也。感而赋此二首 其一
171194,送要公似有这宰古田
89717,赵昌花·要识洛阳姚魏面
427974,一剪梅 八月十三日人民日报载吴强同志江心洲夏景一文，有老范是吃河豚鱼长大的，干起活来不要命及人们怎能不喜在心头，笑在眉梢等语。檃括为小词以张之
1122833,次韵景思谢送四时纂要并惠乳泉且许见顾
1100207,身玉要俱捐
344180,张高要园亭
1050066,太守陈侯见要登黄山送马东玉遂用李白登黄山送族弟济赴华阴韵呈陈侯并送东玉
1031132,漳州白莲僧宗要见遗纸扇每扇各书一首 其七
79294,杂题·传家只要存书种
69724,聂政篇·齐国壮士侪要离
44414,金粉泪·要人玩耍新生活
1124135,梅花绝句五首要明叔仲威同作
524293,要谢宪使南庄泛舟
445690,孟秋毗陵之什 其二 江阴要塞眺归登远望六号顷见阖营出接五号舰返航次韵昆阳子
1075047,孙耘老酒间出麻姑像要余作诗
87931,瓜洲城·先朝筑此要防边
159908,同游北园·凿堤要水近
1226399,如镜师剪竹四竿植为莆桃架其一适活要予赋诗遂作此以塞请云
972309,卢谊伯宜之见过要斯远同赋以赠二首 其一
242455,碧桃岩·自要贪间非避秦
1112484,张子华屡为唱篇有诗要予为首唱次韵谢之二首
1210279,东坡书蔡君谟梦中绝句二放营妓绝句三虞伯生题四绝于后真迹藏义兴王子明家要予次韵凡九首 其七
278404,唐公祠·江防重要仰唐公
913326,读贞观政要
427844,清平乐二首·往闻沈尹默丈云，苏联艾德林教授译白居易诗，既风行被土，复从事陶潜诗之移译，心仪其人久矣。顷诵夏瞿禅兄赠彼二词，悠然神往，爰次原韵示瞿禅托为转致艾君。文化交流，要当著眼于此尔 其二
241254,辨虫老嫩·要知促织与苍雏
326771,杂诗韵·个中有味要君参
133237,送行·送行第一要君诗
281891,时宣统二年，道沪上，遇同乡宋君赓平，自云善剑术，著有《剑法学要》
1070310,会要官集西池同舍翁挺作诗次其韵
51481,侠香亭是要离专诸梁鸿葬处为周公瑕赋
748682,黎召民仪部以其先大父楷屏先生所藏玉板十三行帖见示并赋五言古诗要余题识仪部少孤尝值邻火母冯太夫人仅挈此帖出余感其事因赋长句以书帖后
1139242,贵要之客来
225535,奏雅·谪仙酒渴要吞江
800769,阅三朝要典
326752,示四弟·务学脩身要及时
69910,行香子·如要修持
182242,梅十三绝·要写横斜临水枝
216737,马嵬驿·六军刚要非杨妃
193369,敬留二绝·孝娥何意要垂名
1075446,九江王兴道早岁休官作易安奚疑二室要余作诗 其二
260883,我需要的是一张床
193497,长相思·要相逢
523913,海棠烂然要诸君子赏之分韵得壶字二首 其一
1065104,奉要胜轩居实居士三首 其二
241360,促织论赋·促织鬭时人要主
581732,寄故园久要晦峰
217922,再和·洞要穷源入莫閒
502984,高要严氏具庆堂
83469,幽居遣懹·习气深知要扫除
521514,程德望祠部于书室前凿池作亭秋望落成而正之内翰适至因名其亭曰登月室曰聚奎要予同赋 其二
683368,大梁王君用章既去昆山为客部副郎邑人俞仲蔚集古语为八咏饯行要余与家弟和之各得四首毋论其辞之当与否而感德怀贤要自不异也 威凤栖梧桐
683368,大梁王君用章既去昆山为客部副郎邑人俞仲蔚集古语为八咏饯行要余与家弟和之各得四首毋论其辞之当与否而感德怀贤要自不异也 威凤栖梧桐
895344,左举善人物高妙才具敏特要当为世用而乃携孥抚孤以不二价从事丹壶中其胸次讵可窥耶一日出示诸公篇轴邀老夫同赋义不可辞
197848,和叔崇两绝·道心常要摄人心
374350,省缘·学道先须要省缘
96767,卢谊伯宜之见过要斯远同赋以赠
148261,葵花·人情物理要推求
183823,题六马图·龙媒要是龙眠笑
33957,管仲·美酒浓馨客要沽
344902,攻克彭泽夺回小姑山要隘
524285,春日东庄要杭子
125922,悯旱·正要雨时须不雨
180956,题继祖蟠室·中兴天子要人才
13104,游烂柯山·仙僧会真要
1081353,邓端友临要阁五首 其二
241409,深紫·紫者当头要紫浓
223108,雪亭诗·要识生涯便有涯
371578,次韵元要陪仓使张园
211040,梧桐·妆点山居要碧梧
358146,戏泽老·要识漳州李秀才
70112,探春令·要知端的
1137404,己巳秋七月不雨人心焦然乃戊午斋宿致城隍清源渠渡龙君嶅山五神于州宅以祷始至雨洗尘自是间微雨辄随止旱气转深苗且就槁要神弗获某忧惧不知所出越癸亥日亭午率郡僚吏申祷于庭未移顷雨大挚旄稚呼舞皆曰神之赐也某既拜贶又明日以神归念无为神报者乃作送神之诗七章以侈神功且又以祈焉 其三
73274,水调歌头·土釜要端正
566905,今来自岭海者云扶桑花也予昔所见殊不类是殆大苏所咏涓涓泣露紫含笑焰焰烧空红拂桑耳花家剪双头见寄始觉首四作之误乘酒漫成六首以赎差错插砚水瓶嫣然有笑语意岂亦怜老人之衰眊耶复取馀沥浇之当缠头耳滇蜀村歌云披蓑衣打杖头鼓风流在何处予拟答乡谚云雪落长江里依旧化作水何不落则雨却要是个底不知花神有知作何平章夜见梦云叟所谓黄连树下弹琴也 其四
186557,飞雪予·南州要是梅开早
1050562,雨中南楼望西方僧舍要元舆同赋
254804,一个战士需要温柔的时候
200494,渔家杂咏·醉来要把鹏为饵
58176,寄生草·要路闲门两不过
99215,和王胜之·要知太守怜孤客
1003954,一冬无雪和陆放翁梅诗陆句豪誇余句清苦要自不失梅兄本分家风也
161086,三绝·要知好雨自何来
124354,锦堂春·梅要疏开
1064617,要阿振出门山已瞑而烟翠重重一抹万叠秀峰缺处日脚横度红碧相通馀晖光芒倒射作虹霓色微风忽兴新秧翻浪如卷轻罗坐新丰亭流目而长吟读云庵老人戏墨为诗
501091,读贞观政要
538646,与周公瑕袁鲁望张伯起舍弟访要离墓分韵得幽字
1137407,己巳秋七月不雨人心焦然乃戊午斋宿致城隍清源渠渡龙君嶅山五神于州宅以祷始至雨洗尘自是间微雨辄随止旱气转深苗且就槁要神弗获某忧惧不知所出越癸亥日亭午率郡僚吏申祷于庭未移顷雨大挚旄稚呼舞皆曰神之赐也某既拜贶又明日以神归念无为神报者乃作送神之诗七章以侈神功且又以祈焉 其四
95760,张伯永简来云雪欲作而酒适熟尉又过之要余同
71378,悟南柯·莫要欺人重
348290,雨中喜君仪要温老希圣同见过
1239718,应上人自开先寺来访因写诗为赠上人以大慧普说石门枢要二书见示故及之
295229,苏州有僧名虚生者，以诗要结善男女充报馆访员
45580,只要彼此爱过一次
186318,缘识·至道非凡要審知
374986,拟寒山寺·出家要省缘
314515,文革杂诗·各树旌旗据要津
1031137,漳州白莲僧宗要见遗纸扇每扇各书一首 其五
1071372,何子应少卿作金华书院要老夫赋诗因成长句一首
277337,庚午上巳旧都诸名士集水榭禊饮分韵赋诗释戡纕蘅先后书来要余同作率然应之得汎字
569856,沈同守过我山园要常广文陆太学共集颇极登泛之乐沈以四咏见贻仅酬其二 其二
839987,要塞司令谢洁群先生慕韩四旬华诞，诗以祝之八首 其三
81566,书意·人生只要常无事
1050550,净惠山亭要客致酒
173564,子楚煮雪水沦团茶乃与陶翰要语以诗见戏不敢
84668,访野老·农事元知要细评
213993,水车·取车当要津
1203305,南乡子 邵公索要下手修行
164781,小园十咏·蜡英要占菊天破
514025,过新馆铺宗老彦举邀宿其家别墅彦举尝从征湖南有义征图卷今老矣喜长生之说得其要领
1210273,东坡书蔡君谟梦中绝句二放营妓绝句三虞伯生题四绝于后真迹藏义兴王子明家要予次韵凡九首 其一
972719,张伯永简来云雪欲作而酒适熟尉又过之要余同集
528721,吾郡古要害地也闲居兴怀追咏古迹作诗八首 其八
378801,赠胡子显·作官要自有家法
226704,寄题真爱堂·筑堂谁不要看山
225021,七言四韵·要知产药川源处
1070472,丁巳九日携酒要叔问登通道门楼而江彦文寄玉友适至因用己未岁吴下九日诗韵作
1210276,东坡书蔡君谟梦中绝句二放营妓绝句三虞伯生题四绝于后真迹藏义兴王子明家要予次韵凡九首 其四
528719,吾郡古要害地也闲居兴怀追咏古迹作诗八首 其六
1065810,海南多鹿豨土人捕取率以夜分月出度其要寝则合围而周阹之兽无轶者余寓城南户外即山林夜闻猎声旦有馈肉者作夜猎行以纪之
327456,鸡黍·鸡黍招要意已真
194521,喜雨韵·虬龙未必要呵禁
94801,放歌·天公要饱诗人眼
378555,奉要胜轩居实居士
145809,入道诗·人其上冢要焚黄
790813,箧中检得败纸一束，启视则游梁时留存之要牍也。感而赋此二首 其二
528714,吾郡古要害地也闲居兴怀追咏古迹作诗八首 其一
347987,雨中南楼望西方僧舍要元舆同赋
234274,禹庙·且要尽清欢
225053,绝句·要知金液还丹法
186311,缘识·归信妙法要精专
191698,和沈帅持要张漕季长韵
971012,从礼载酒要余及明叔游合普六首 其一
188273,沁园春·要做神仙
148846,石屏风·大道要为天下公
971011,从礼载酒要余及明叔游合普六首 其二
227219,后圃·浇花惟要早
372100,次韵校官·要底劳生醉即休
306232,检得左海先生致先尚书公手札五通所言皆桑梓要务叠前韵呈谢丈
1081360,端友和临要阁诗再次韵五首 其四
74906,西江月·未要花枝照眼
700324,程德望祠部于书室前凿池作亭秋望落成而正之内翰适至因名其亭曰登月室曰聚奎要予同赋 其一
320537,寄方逢原·我行求友要渐磨
258946,我要归来
232409,论语绝句·富贵要之不可求
974377,梅花绝句五首要明叔仲威同作 其二
223824,二王·要以孝行取
93754,微雨·要知微雨密还疏
91080,句·要是此花清绝处
343180,会峰亭·胜概当冲要
238557,要君·圣人戒要君
238557,要君·圣人戒要君
537936,初入谒晋邸陈常侍要饮别墅作 其二
203212,漳州白莲僧宗要见遗纸扇每扇各书
387003,应上人自开先寺来访因写诗为赠上人以大慧普说石门枢要二书见示故及之
73282,百字令·金丹大要
322875,五十书怀·煦人原是要东风
1074865,文殊老人寄和张宰共赋堂诗要余同作
528718,吾郡古要害地也闲居兴怀追咏古迹作诗八首 其五
259864,天安门-有一个重要会议
1184787,溪上要一只白簟扇盖头垂钓去年就节推侍御请之蒙惠一柄紫花纹者虽则鳞华具甚纰薄不及清源所出因就南郡陈常侍请之遂成拙句
249674,论画·要知书画本同源
1125771,雨中喜君仪要温老希圣同见过二首
1050423,寒食元舆见要南楼把酒
996360,子瞻题狄引进雪林石屏要同作
349225,端友和临要阁诗再次韵
324903,衾褥·被衣不要大温然
569967,过浒墅关李启鉴司农要张毛钱吴诸名士饯送分韵得连字
250855,少年游·何要浮名
349181,阁上观水·要看春水拍天流
138623,中庸·要识中庸义
1201393,苏幕遮 赠李哥缘再要出家
538895,同年马通政吴太常顾沈二臬及凌守要予与蔡宪使饮太虚楼
1031131,漳州白莲僧宗要见遗纸扇每扇各书一首 其八
1210281,东坡书蔡君谟梦中绝句二放营妓绝句三虞伯生题四绝于后真迹藏义兴王子明家要予次韵凡九首 其九
228954,感秋·年年不是要悲秋
197669,题书目·博而寡要岂通儒
38902,七言·古今机要甚分明
220047,张元览追和东坡咏梅要予同赋
564131,襄阳为自古要地抚遗迹吊往事有怀七人焉因各赋诗一首 其二 庞德公
716083,经高要诸村墟作 其六
267165,不要温和地走进那个良夜
74365,怀古·兔走要离坟
404793,喜迁莺·戊寅十一月朔冬至，病树丈和梦窗甲辰冬至韵，要同作。忆丙子岁是日适归里展墓，独行风雪中。今几何时，而吴楚竟同异域，因时感旧，言愁欲愁
228034,上丞相寿·古为要镇及边城
540358,闻敬美使秦中要取道太和一晤 其二
223636,苏不韦·要使生者毒
220065,士贵要予赋水轮因广之幸率介卿同作兼呈郭宰
141841,新栽竹·封殖要当同种玉
1249407,晓发商溪戏简玉山且要和
1210278,东坡书蔡君谟梦中绝句二放营妓绝句三虞伯生题四绝于后真迹藏义兴王子明家要予次韵凡九首 其六
38919,七言·时人若要学长生
569489,舒司马要饮天妃宫后桥亭水月佳甚畅而有作 其一
371827,黄仁卿见过留之而无酒因要宋衡携酒以至得以款语已又酌仁卿携行之茶成四十字
182252,春日·栽培君子要添丁
839986,要塞司令谢洁群先生慕韩四旬华诞，诗以祝之八首 其二
374164,示莫侍者·参禅只要见得尽
524174,辛巳九日田子要东陂之游雨弗克赴三首 其三
145816,入道诗·闰年为厄要先推
