867794,青玉案 其二 用贺方回韵
707868,青玉案 其二 题扇面蜂蝶
916601,青玉案 其二
1030128,青玉案 其二 重九忆罗舜举
861921,青玉案 其二 池亭
989945,青玉案 其二
836060,青玉案 其二
856529,青玉案 其二 送无为守张文伯还朝
967802,青玉案 其二 和
887587,青玉案 其二
846345,青玉案 其二 二月十五
764558,青玉案 其二 渡江有感
872248,老圃送瓜因为邵平具案 其二
960106,青玉案 其二 为外大父林下老人寿
824208,青玉案 其二
763555,青玉案 其二 访蒋存鲁南湖园居
1147532,书任生案 其二
949933,青玉案 其二
835402,青玉案 其二
1137081,青玉案 其二 用辛稼轩元夕韵
1113129,青玉案 其二
1030471,青玉案 其二
994484,青玉案 其二 和贺方回韵，送山谷弟贬宜州
881764,青玉案 其二
945841,青玉案 其二
909614,青玉案 其二 丁未寿八窗叔
763801,青玉案 其二 忆旧
765063,青玉案 其二 题王丹麓听松图
900078,青玉案 其二
890814,青玉案 其二 和刘长翁右司韵
895570,青玉案 其二 再和
976120,青玉案 其二
855211,青玉案 其二 竹间戏作
762995,青玉案 其二 太湖虾
